PUBLISHDATE,VERSION,H1,H2,H3,H4,H5,H6,H7,H8,H9,H10,H11,H12,H13,H14,H15,H16,H17,H18,H19,H20,H21,H22,H23,H24
12/31/2016,0,34,26.82,28.56,39.94,26.3,33.1,27.71,44.41,27.03,28.38,28.92,27.79,26.34,30.53,27.45,27.87,32.83,40.11,40.38,31.64,27.74,26.08,25.9,24.64
12/30/2016,0,23.9,23.24,23.05,23.36,24.18,24.39,25.11,28.95,29.35,26.5,28.33,30.87,27.86,26.3,25.75,25.98,26.24,47.17,28,27.12,26.76,28.09,26.54,26.83
12/29/2016,0,23.92,23.54,23.6,22.82,23.06,23.66,23.63,25,25.78,26.29,26.16,26.24,26.38,25.84,24.23,23.25,23.46,28.87,26.29,26.68,25.86,26.04,25.89,24.38
12/28/2016,0,22.54,22.64,22.85,22.79,23.35,23.61,26.27,28.95,28.55,29.5,30.16,27.84,27.66,26.77,26.04,26.12,28.87,52.91,38.98,68.34,35.77,29.38,27.13,23.64
12/27/2016,0,16.28,19.33,20.27,19.59,18.8,21.44,22.42,23.58,23.94,25.19,25.27,25.76,24.62,23.02,22.65,22.4,23.52,31.08,29.94,29.05,26.89,25.81,24.43,22.79
12/26/2016,0,20.56,20.46,19.29,19.34,19.77,22.44,21.66,22.38,23.01,24.16,26.6,26.23,25.07,24.07,22.76,23.09,26.34,36.64,27.57,27.6,27.51,24.59,21.9,18.55
12/25/2016,0,21.01,22.34,21.71,21.79,21.83,21.9,22,22.55,22.9,22.57,21.81,21.86,21.73,19.93,20.55,20.59,22.23,24.11,22.24,22.5,23.18,23.03,22.4,19.89
12/24/2016,0,23.06,23.28,22.45,22.11,22.36,21.47,22.67,23.82,26.01,29.63,31.41,39.29,27.26,25.58,24.89,25.85,31.27,26.88,26.13,26.23,26.76,26.07,24.87,20.07
12/23/2016,0,24.21,23.85,24.02,24.45,24.94,25.1,25.62,29.45,32.37,41.52,28.86,26.68,25.82,25.16,24.8,25.36,29.09,29.51,28.11,27.89,27.74,26.9,24.81,22.88
12/22/2016,0,24.09,23.45,22.94,22.8,22.82,24.04,25.58,27.44,30.76,29.27,29.56,28.28,26.02,25.52,25.51,25.72,27.56,43.29,35.02,32.72,31.75,29.73,25.86,23.5
12/21/2016,0,26.63,27.54,28.18,29.12,28.31,29.9,31.24,44.22,35.67,32.25,30.73,27.37,26.88,26.47,26.11,26.32,26.56,30.65,32.77,37.78,30,28.35,26.01,23.84
12/20/2016,0,27.53,27.37,27.85,28.1,30.02,29.03,82.29,77.55,38.24,35.08,29.35,27.94,26.11,25.81,26.01,26.31,27.12,36.97,36.04,35.18,35.15,31.63,30.18,27.41
12/19/2016,0,25.59,25.35,25.54,25.47,26.54,29.74,32.13,62.54,53.77,42.26,54.93,43.9,32.45,35.22,33.41,38.5,41.43,60.57,42.86,40.83,47.92,61.24,31.7,26.92
12/18/2016,0,22.64,22.01,21.6,21.47,21.43,21.4,21.96,22.57,23.67,23.66,23.4,25.14,25.77,25.94,26.7,27.16,32.21,34.2,40.19,48.18,34.29,32.87,29.79,25.6
12/17/2016,0,31.46,29.04,26.88,26.37,27.8,28.9,30.23,33.06,37.36,38.03,33.66,35.95,29.98,30.06,28.61,26.73,29.94,37.81,31.26,28.99,27.61,26.53,25.99,23.15
12/16/2016,0,44.69,51.14,49.59,47.52,52.6,54.43,87.08,103.81,146.75,115.77,77.51,62.49,51.5,63.04,41.3,42.97,58.79,64.7,42.62,43.89,39.95,36.94,34.01,30.59
12/15/2016,0,25.56,23.86,24.48,24.36,25.07,28.29,34.6,47.72,39.27,39.86,56.49,55.38,39.2,39.42,41.74,46.3,57.87,84.97,106.87,71.89,64.47,72.88,66.54,47.52
12/14/2016,0,23.83,23.68,23.45,23.34,23.41,25.71,27.66,30.64,30.48,28.62,27.1,26.5,26.45,26.66,26.27,26.31,27.73,32.08,32.92,32.79,32.25,30.74,28.51,25.03
12/13/2016,0,24.62,24.49,24.76,24.93,25.51,29.64,35.19,35.22,34.3,33.52,32.8,33.64,32.4,31.38,32.96,32.15,35.33,46.04,40.26,36.05,35.15,32.38,26.47,24.3
12/12/2016,0,24.37,23.08,23.03,22.72,22.91,23.57,27.56,31.78,35.42,34.98,46.91,40.17,31.09,30.64,29.68,27.91,31.03,42.5,38.73,42.53,53.41,38.49,29.02,25.85
12/11/2016,0,27.78,28.91,27.05,27.37,27.37,26.54,27.89,26.56,27.37,28.77,29.43,29.73,30.35,28.71,27.23,28,30.24,37.47,33.4,33.31,31.33,29,26.3,23.08
12/10/2016,0,30.28,29.27,29.36,30.53,30.88,30.65,34.35,35.98,79.7,33.51,33.54,29.71,28.66,28.15,27.9,29.3,28.99,36.33,33.2,32.4,36.4,36.25,29.47,27.85
12/9/2016,0,28.82,29.31,28.79,28.86,29.18,29.45,72.39,227.13,33.24,35.1,38.07,35.24,36.79,34.51,32.51,31.34,35.28,59.25,41.53,44.02,41.37,41.21,32.4,29.77
12/8/2016,0,25.03,24.44,21.61,23.46,23.25,26.52,27.56,33.28,31.38,30.86,30.94,29.12,27.62,27.74,27.78,27.68,30.72,42.11,33.67,42.86,51.88,41.26,30.38,28.21
12/7/2016,0,24.46,23.34,22.5,23.69,23.44,24.03,25.69,30.69,30.75,25.73,25.18,25.31,26.41,25.73,24.79,24.03,24.11,30.53,34.65,29.27,30.35,28.46,26.65,24.14
12/6/2016,0,25,24.2,23.75,23.67,24.41,26.46,38.62,71.98,30.76,35.39,48.12,33.14,38.85,31.64,28.81,30.37,41.93,37.61,32.42,40.43,33.67,29.2,26.38,23.9
12/5/2016,0,22.95,22.53,21.88,22.79,23.45,23.61,40.2,41.19,32.4,29.86,38.16,27.95,26,26.1,25.57,26.31,28.91,34.88,35.24,34.89,35.1,29.08,29.97,28.85
12/4/2016,0,24.75,24.05,23.56,23.32,23.49,23.4,23.53,24.3,26.51,27.27,25.64,25.73,25.9,26.51,26.49,31.78,36.52,38.23,29.47,31.1,32.21,26.93,23.35,23.2
12/3/2016,0,25.52,24.22,23.81,23.5,23.91,24.43,26.52,32.21,30.78,36.45,34.67,32.37,27.88,28.05,30.71,27.41,28.9,44.12,28.82,33.22,32.49,30.52,29.75,24.48
12/2/2016,0,24.39,23.34,23.37,23.57,24.08,26.7,33.25,47.47,39.02,41.19,35.37,30.43,26.97,28.68,31.48,34.36,38.11,37.41,39.55,37.16,43.22,45.4,28.95,24.62
12/1/2016,0,19.87,17.73,16.51,17.53,19.5,21.63,25.59,25.78,24.26,24.57,24.25,23.74,24.24,24.81,24.76,24.97,31.23,39.56,38.64,37.87,46.8,41.19,62.89,23.29
11/30/2016,0,21.08,19.74,19.59,19.73,20.9,21.73,25.67,27.04,25.18,27.92,28.2,26.94,26.7,27.42,25.25,24.73,25.13,29.3,38,27.08,27.08,23.42,20.28,20.19
11/29/2016,0,22.83,20.2,18.71,19.44,21.65,22.09,36.49,32.41,29.86,32.16,37.68,48.33,34.5,35.31,24.92,26.54,28.68,36.65,47.08,44.25,30.76,29.1,22.87,20.2
11/28/2016,0,20.02,20.76,20.25,21.45,21.75,24.32,27.27,33.09,35.29,52.24,30.82,28.83,30.82,25.73,26.14,26.23,37.45,34.19,41.31,37.58,28.65,25.22,19.88,19.37
11/27/2016,0,22.77,22.42,22.29,22.7,22.7,23.3,24.62,26.87,23.92,23.72,22.84,22.62,22.17,21.88,22.39,22.52,23.62,29.81,31.1,34.56,31.09,25.82,22.18,20.93
11/26/2016,0,20.46,17.77,18.17,18.38,18.78,21.27,21.15,22.52,25.22,23.27,23.6,23.95,23,22.32,22.17,22.34,23.9,26.97,25.16,24.43,24.24,23.63,22.87,22.01
11/25/2016,0,20.17,19.41,18.28,19.02,19.58,20.42,21.68,22.49,23.14,23.71,23.45,23.94,23.35,23.17,22.93,23.35,26.49,39.28,28.65,23.25,23.51,23.16,22.63,20.61
11/24/2016,0,20.15,18.53,19.74,18.39,17.35,18.17,19.22,21.9,22.77,23.52,30.44,29.26,23.38,21.52,21.86,20.2,20.26,20.65,19.98,20.47,20.65,21.57,21.11,18.91
11/23/2016,0,23.28,23.09,22.7,22.75,22.52,23.15,26.21,30.14,28.15,26.5,26.77,26.23,24.96,24.5,23.92,24.36,25.51,28.82,27.91,25.7,23.61,23.34,21.27,19.42
11/22/2016,0,22.69,22.67,22.42,22.65,23.69,27.88,29.21,33.36,31.75,38.58,34.38,27.31,24.62,24.23,24.15,24.51,26.04,38.68,39.14,31.8,31,28.22,25.26,23.2
11/21/2016,0,22.33,21.55,21.39,21.97,21.18,23.04,28.29,27.65,31.35,34.79,28.78,25.4,25.11,24.36,23.46,23.71,25.38,45.66,35.86,32.4,34.45,29.67,25.2,22.76
11/20/2016,0,18.43,19.25,18.62,19.8,19.87,20.42,20.72,22.28,24.44,24.03,23.24,23.33,22.85,22.79,22.62,23.54,25.77,30.08,26.55,33.15,41.7,24.42,23.12,22.22
11/19/2016,0,20.13,16.84,16.24,16.16,16.67,19.5,19.97,21.31,22.28,23.46,21.86,21.38,21.67,21.46,20.8,20.92,21.38,25.23,25.13,24,23.1,23.64,21.15,18.88
11/18/2016,0,18.93,18.35,16.11,15.16,16.59,19.9,111.74,24.2,25.41,24.4,23.9,23.58,23.02,22.54,22.83,22.73,21.64,23.9,22.93,21.89,22.23,21.61,18.65,15.97
11/17/2016,0,19.38,18,16.38,17.02,17.81,18.6,31.35,26.9,25.41,24.72,24.13,23.06,22.72,22.62,22.24,22.64,22.16,40.06,26.6,26.58,26.28,24.5,20.22,19.76
11/16/2016,0,21.08,20.71,20.03,20.33,20.6,21.82,29.73,30.19,25.12,25.12,27.74,25.57,24.29,24.07,23.72,23.06,23.7,59.8,40.41,25.44,25.81,22.78,20.48,18.93
11/15/2016,0,20.35,19.56,19.23,19.97,20.62,22.09,34.16,28.57,33.68,32.77,26.7,30.56,25.48,24.37,23.85,23.09,28.99,117.28,27.64,39.96,30.13,26.31,22.42,20.65
11/14/2016,0,15.66,17.94,18.23,19.18,20.78,47.13,50.03,29.29,26.62,25.8,27.25,28.97,27.77,24.9,25.43,25.16,37.97,58.71,33.34,26.97,29.1,24.82,21.98,19.82
11/13/2016,0,20.6,20.48,19.99,18.98,19.88,50.6,21.41,21.8,22,20.97,18.99,18.95,19.1,18.37,16.4,18.28,22.13,26.39,23.14,22.5,51.79,21.24,18.82,14.43
11/12/2016,0,20.52,20.41,20.45,20.72,21.67,22.5,29.04,29.3,25.64,24,23.15,22.14,19.86,18.41,20.47,21.41,23.59,71.27,24.6,23.39,24.45,25.84,22.22,21.56
11/11/2016,0,18.52,16.62,15.22,18.42,19.55,25.54,24.9,24.21,25.61,24.1,24.11,23.12,22.01,22.25,22.46,22.21,22.59,38.51,23.65,24,23.6,22.47,21.71,20.06
11/10/2016,0,19.75,19.97,18.89,17.59,18.46,21.31,27.27,28.96,26.08,24.51,24.35,22.75,22.84,23.18,23.21,22.57,23.07,42.5,53.82,49.11,42.26,31.39,19.54,17.8
11/9/2016,0,20.83,18.74,17.77,18.54,20.28,20.04,32,25.36,25.2,31.63,30.36,26.85,27.01,27.06,25.66,24.46,26.58,29.75,32.53,27.15,26.6,24.57,21.31,20.7
11/8/2016,0,20.26,19.74,19.61,19.85,21.53,22.64,25.13,28.38,26.93,27.16,25.29,24.94,24.16,23.76,24.55,24.42,25.26,28.46,25.91,27.01,25.24,22.01,21.06,20
11/7/2016,0,18.66,18.81,16.88,18.01,20.3,24.34,33.35,25.31,24.9,25.13,25.57,25.08,33.34,30.62,23.52,24.1,24.61,32.38,29.3,25.82,24.13,23.35,20.01,20.05
11/6/2016,0,15.86,12.21,12.75,13.52,12.53,17.5,21.1,21.46,22.42,21.98,20.43,21.87,21.94,20.86,20.49,21.71,23.24,67.85,23.8,23.47,23.19,21.38,15.86,18.32
11/5/2016,0,19.2,20.68,20.9,18.7,19.72,22.94,22.52,31.27,26.27,24.67,24.03,23.71,22.92,21.81,20.86,21.7,22.82,21.88,25.04,23.28,22.8,22.08,21.1,19.17
11/4/2016,0,17.4,17.9,16.72,15.3,17.26,20.5,28.94,30.68,30.47,28.17,27.25,35.08,24.53,24.75,24.3,24.39,24.53,32.45,31.18,24.65,25.26,27.52,21.09,18.6
11/3/2016,0,20.81,22.03,18.75,18.5,20.35,23.51,28.27,29.66,24.78,24.96,26.03,29.32,32.24,32.17,25.79,24.55,25.25,25.81,28.17,26.36,32.76,23.9,21.07,20.77
11/2/2016,0,21.26,19.65,19.29,18.46,19.78,22.01,25.66,30.13,28.94,27.3,31.02,30.37,25.76,28.17,33.45,29.76,25.91,26.35,30.06,31.16,32.27,28.66,21.64,21.35
11/1/2016,0,20.81,21.33,20.76,21.71,21.25,22.01,24.58,28.83,26.55,25.02,25.76,39.64,60.64,31.97,36.81,27.87,39.98,30.29,43.82,81.91,54.15,29.41,23.55,21.84
10/31/2016,0,23.81,20.05,19.72,19.38,20.03,21.87,32.28,98.29,24.86,44.23,55.2,35.24,28.28,28.74,37.39,25.82,25.76,23.25,24.31,25.9,33.18,32.13,22.56,21.49
10/30/2016,0,17.58,18.6,16.88,16.69,15.62,16.72,18.29,19.16,20.86,22.28,23.04,23.01,24.93,25.51,24.45,24.78,26.21,25.71,55.33,28.35,28.87,24.91,22.25,20.77
10/29/2016,0,24.02,21.78,20.19,19.85,21.08,21.58,28.34,27.93,26.2,23.91,24.59,25.02,25.03,30.43,25.4,27.27,47.64,25.15,87.38,24.72,23.86,23.54,22.82,19.96
10/28/2016,0,20.44,21.54,20.53,21,20.52,21.23,38.38,27.13,26.22,25.46,35.06,27.33,23.58,25.71,24.59,23.36,25.1,25.01,25.26,26,25.67,25.57,22.69,21.77
10/27/2016,0,20.8,20.62,19.97,20.01,21.4,22.87,27.15,33.87,32.23,34.61,27.87,50.2,33.68,39.95,31.76,28.62,35.2,38.03,27.4,37.32,35.12,28.24,27.3,21.43
10/26/2016,0,21.98,23.01,21.66,21.58,22.1,23.17,32.78,29.04,28.69,29.79,26.6,29.36,28.51,27.19,26.04,27.19,27.61,25.79,29.4,35.25,27.34,29.51,22.34,21.1
10/25/2016,0,18.83,20.53,20.11,20.35,20.46,21.67,25.47,30.04,25.11,25.8,35.81,32.39,25.34,27.54,26.19,24.58,25.85,27.35,40.52,33.27,35.11,30.78,22.91,22.4
10/24/2016,0,19.03,19.46,18.96,18.43,19.14,48.21,23.58,72.41,22.9,24.47,66.35,26.68,27.68,28.52,29.16,23.95,24.01,34.33,28.29,30.39,31.82,27.04,23.03,18.68
10/23/2016,0,19.26,20.04,19.46,17.89,19.01,19.66,21.69,21.16,21.21,21.55,21.69,21.64,21.3,19.91,20.36,20.92,22.04,22.37,35.35,40.24,26.25,21.6,20.08,17.23
10/22/2016,0,22.11,21.45,21.4,20.35,20.39,21.86,21.21,23.99,26.58,28.99,25.48,26.05,24.4,21.9,22.12,21.19,25.03,22.61,32.34,24.34,24.6,22.76,21.4,21.73
10/21/2016,0,20.35,21.34,20.71,19.8,21.04,24.85,33.31,32.48,26.79,27.81,29.57,32.79,29.9,31.33,27.45,28.16,27.91,27.06,34.48,27.25,27.3,25.41,22.97,21.46
10/20/2016,0,20.25,21.22,20.72,20.14,20.64,21.74,39.79,33.99,23.46,27.39,67.59,26.41,63.59,44.52,31.64,30.99,32.99,33.71,40.18,31.26,29.46,28.73,24.61,21.64
10/19/2016,0,21.26,22.06,20.49,21.51,21.57,27.21,31.38,28.47,28.05,27.77,37.44,33.38,36.37,37.08,39.77,73.36,39.69,33.2,32.34,34.53,30.59,28.08,24.61,22.2
10/18/2016,0,20.86,20.76,19.81,18.73,18.74,18.63,27.36,24.09,23.18,25.28,31.35,27.69,29.08,34.16,35.29,37.37,40.84,34.06,35.53,32.93,31.7,30.92,25.63,22.57
10/17/2016,0,20.22,20.45,17.38,16.84,18.24,20.16,43.21,29.77,30.36,32.23,32.39,33.86,41.45,35.46,40.86,46.55,51.17,37.86,41.67,53.11,36.61,28.83,26.6,20.95
10/16/2016,0,20.34,20.5,20.66,19.99,20.39,20.61,22.15,22.44,21.85,22.89,25.46,24.38,32.73,22.81,22.45,23.48,25.56,30.95,34,39.24,37.02,26.28,22.78,21.45
10/15/2016,0,22.46,23.71,22.28,22.1,23.82,23.57,23.8,23.93,24.44,24.73,28.03,24.01,25.16,24.43,24.28,25.61,25.99,26.57,66.57,40.9,30.31,25.46,22.23,20.99
10/14/2016,0,23.01,20.75,20.21,19.98,20.36,21.56,28.51,26.5,25.26,25.91,30.75,28.16,25.31,26.29,25.94,26.46,25.94,25.58,33.16,26.02,23.66,23.31,22.51,21.64
10/13/2016,0,19.51,21.33,20.29,19.96,20.19,20.44,26.07,25.07,23.6,52.44,91.86,24.84,35.62,36.96,24.58,23.21,25.3,25.14,24.51,26.76,42.67,26.67,22.56,22.53
10/12/2016,0,20.32,19.53,19.44,20.25,20.72,18.33,22.98,25.39,113.72,30.46,50.02,27.21,35.79,32.89,24.91,25.22,26.99,27.71,26.14,26.42,32.38,25.86,22.23,21.05
10/11/2016,0,21.15,21.33,20.83,19.6,20.16,21.37,26.78,62.24,98.07,38.07,25.11,28.15,33.36,35.66,29.48,31.45,31.98,27.91,24.42,27.75,26.29,26.03,22.98,22.22
10/10/2016,0,20.29,20.55,20.12,20.11,18.32,19.5,40.3,57.73,23.71,27.12,27.74,28.62,33.23,33.56,27.14,31.31,29.94,23.63,23.53,27.35,26.46,24.52,22.6,21.23
10/9/2016,0,18.04,20.59,17.43,20.2,18.56,19.4,19.73,20.11,21.19,22.01,23.12,23.58,23.93,23.44,21.91,21.18,21.62,22.86,24.4,25.39,23.69,20.82,20.65,20.76
10/8/2016,0,21.53,26.57,21.99,21.02,20.33,21.81,23.82,24.99,23.29,27.81,30.82,25.33,25.47,25.16,24.44,25.17,24.45,24.28,25.41,29.03,25.12,23.42,21.92,20.66
10/7/2016,0,21.54,20.9,17.51,19.41,20.05,22.26,43.51,26.82,27.27,29.2,33.91,31.69,27.6,28.54,30.91,25.93,33.85,26.67,23.82,27.7,27.61,28.87,25,23.41
10/6/2016,0,21.59,21.15,21.33,20.62,21.13,27.46,56.24,38.35,26.58,27.26,30.89,31.7,34.18,40.26,30.76,30.01,37.85,28.04,28.21,33.95,33.96,27.63,25.18,22.01
10/5/2016,0,20.19,19.13,19.08,19.18,19.54,20.76,28.94,26.45,25.87,27.98,31.64,38.88,34.93,28.81,52.8,46.29,79.66,28.12,27.37,38.02,51.74,52.36,23.88,22.16
10/4/2016,0,21.63,22.14,20.38,19.89,21.78,24.73,33.35,25.76,24.23,24.36,30.12,66.19,24.95,38.24,27.35,30.82,27.6,34.65,24.53,27.03,25.43,25.36,22.49,21.61
10/3/2016,0,19.54,20.32,19.67,19.61,19.97,26.05,25.34,29.07,26.77,39.02,29.65,25.55,30.05,26.88,27.87,27.64,28.5,61.16,27.03,79.29,54.34,31.71,21.75,21.19
10/2/2016,0,18.56,19.53,19.61,17.52,17.19,18.68,18.31,18.72,20.04,21.88,22.58,22.51,23.32,23.33,24.71,22.17,23.64,25.64,24.28,24.92,23.18,23.12,21.34,18.63
10/1/2016,0,18.45,20.88,20.94,19.39,19.51,19.93,21.97,21.34,23.03,27.88,32.42,23.05,26.75,24.92,22.35,24.18,24.63,29.26,23.16,44.81,27.28,22.97,21.66,19.89
9/30/2016,0,18.19,18.6,17.44,17.83,18.39,19.92,23.17,25.2,25.74,25.91,24.3,25.56,23.14,23.34,23.76,22.56,21.75,21.43,21.61,22.96,30.7,24.71,21.14,18.34
9/29/2016,0,16.42,17.13,15.2,13.92,16.54,19.35,22.69,26.38,22.8,24.44,23.07,23.28,22.97,22.55,22.47,21.92,21.63,21.95,21.58,22.51,24.52,22.13,20.39,18.42
9/28/2016,0,15.75,19.11,18.29,16.59,17.17,19.93,22.91,23.2,22.03,24.07,24.27,24.94,24.01,23.75,23.45,23.22,22.28,22.36,22.96,24.75,24.6,23.39,21.21,19.47
9/27/2016,0,14.66,14.13,14.19,12.33,16.49,20.28,23.51,24.73,23.4,24.52,24.42,24.56,23.13,23.1,24.56,25.64,25.7,25.45,24.08,41.93,24.46,23.62,21.67,20.27
9/26/2016,0,17.37,20.24,16.52,17.98,19.59,20.41,23.43,23.3,22.79,22,22.47,23.09,24.2,26.13,23.15,22.23,22.32,23.15,23.95,28.84,29.59,21.72,19.72,16.06
9/25/2016,0,16.83,18.71,16.83,13.69,12.06,13.75,15,16.9,18.81,20.83,20.23,22.27,24.04,23.84,87.55,38.09,87.43,59.1,22.43,33.48,41.76,25.9,22.53,20.9
9/24/2016,0,25.22,23.75,22.25,21.49,21.68,21.66,24.64,22.69,25.4,25.33,26.55,30.42,24.59,35.37,26.65,29.36,29.11,28.47,26.3,24.27,33.89,24.63,22.02,21.5
9/23/2016,1,20.04,19.49,18.49,17.61,17.92,21.48,24.83,24.09,23.48,27.2,33.25,40.99,35.19,36.98,63.56,72.5,46.1,36.67,27.83,31.33,34.72,29.49,25.8,26.75
9/22/2016,0,19.1,19.84,15.93,15.39,17.55,20.49,28.21,23.34,25.12,26.91,28.31,31.13,34.93,39.44,62.47,119.59,78.52,48.92,31,32.88,47.13,27.21,31.23,20.18
9/21/2016,0,20.33,19.31,17.76,16.82,18.01,21.17,24.92,24.06,24.13,24.37,25.41,27.95,28.42,27.13,31.74,34.24,37.34,29.41,30.45,31.04,32.3,26.65,23.58,21.75
9/20/2016,0,18.76,19.21,17.78,17.03,18.35,22.58,28.85,25.79,24.84,27.55,27.91,27.46,27.91,33.06,36.45,51.96,82.89,43.58,29.95,32.67,30.22,26.3,24.1,21.36
9/19/2016,0,24.23,22.46,22.53,22.04,22.86,31.15,51.67,32.17,29.86,30.51,35.56,33.31,46.29,37.83,60.86,57.61,59.63,59.21,39.62,33.63,34.84,25.52,21.95,21.3
9/18/2016,0,20,19.26,18.07,16.82,16.63,18.38,19.85,20.74,21.13,23.55,25.83,67.65,49.71,42.44,32.5,39.02,69.46,97.72,65.17,110.65,47.19,44.4,32.74,28.18
9/17/2016,0,20.03,20.67,19.5,18.88,18.3,19.57,19.94,19.59,22.99,23.12,25.18,26.01,59.47,27.93,27.26,26.07,35.22,25.67,24.93,61.83,44.09,25.6,22.11,20.43
9/16/2016,0,17.5,17.99,17,15.71,14.27,17.46,23.57,23.36,21.8,23.29,23.87,30.26,31.91,37.04,49.37,178.56,119.92,70.36,42.99,56.47,32.22,23.87,22.42,21.26
9/15/2016,0,21.28,20.17,18.15,16.19,17.39,21.53,24.37,23.17,23.69,23.64,24.26,23.87,29.46,26.8,37.86,40.73,35.41,36.44,30.25,26.11,28.79,22.37,20.72,17.63
9/14/2016,0,20.06,19.19,14.16,14,16.43,20.14,23.16,23.13,23.5,24.01,25.87,38.66,31.55,71.29,71.96,65.02,77.92,79.8,33.88,39.3,54.95,29.06,23.21,21.4
9/13/2016,0,12.32,13.08,12.38,11.34,14.16,19.68,23.73,21.2,21.85,25.33,25.9,33.81,27.45,49,49.86,106.78,140.99,64.55,31.2,38.55,43.38,25.2,22.46,20.42
9/12/2016,0,15.66,13.89,10.72,6.67,12.81,17.78,21.99,20.04,21.2,24.27,24.96,25.2,25.31,33.26,36.29,77.75,132.51,109.39,77.43,26.65,27.62,22.96,20.21,17.87
9/11/2016,0,22.84,22.69,22.53,21.66,21.08,21.68,21.91,21.61,22.47,23.78,24.97,25.07,26.69,28.14,26.85,29.34,50.05,37.95,27.11,34.3,27.81,23.22,20.52,20.26
9/10/2016,0,25.09,23.65,22.81,22.39,22.21,22.05,23.36,23.67,48.02,34.62,64.09,47.38,31.36,46.44,45.87,75.24,52.18,32.42,29.33,38.04,39.6,29.49,25.52,23.47
9/9/2016,0,23.84,22.5,22.12,21.78,21.53,22.94,35.72,26.82,25.03,27.43,29.74,30.85,33.4,36.14,37.7,44.53,63.01,44.18,42.02,51.03,41.78,31.73,28.71,25.53
9/8/2016,0,22.66,21.57,20.92,19.99,21.04,24.54,27.02,24.1,23.95,25.82,29.33,27.82,47.89,68.53,59.46,52.33,75.86,63.5,39.88,41.76,32.96,31.25,27.01,24.93
9/7/2016,0,22.49,21.41,19.73,17.69,18.63,22.21,24.59,22.29,23.83,26.31,31.82,36.58,57.32,43.06,40.89,62.44,53.8,41.26,36.1,40.81,41.69,28.38,24.68,23.89
9/6/2016,0,14.77,12.58,11.8,10.73,13.27,18.64,20.19,20.65,22.25,32.61,34.82,42.49,75.86,62.51,94.32,70.23,100.98,89.09,64.56,43.9,45.11,26.62,24.45,25.54
9/5/2016,0,11.22,11.52,9.6,7.37,7.65,8.01,8.51,-6.96,7.01,17.48,20.18,22.45,24.53,33.08,26.79,29.55,32.23,42.84,35.55,28.91,32.18,24.5,20.89,19.29
9/4/2016,0,18.18,15.93,14.73,11.35,11.6,11.74,12.42,10.69,9.69,17.93,18.74,19.85,20.83,21.4,23.36,25.97,28.34,25.81,23.4,22.7,23.05,20.46,18.32,14.88
9/3/2016,0,11.14,16.3,13.05,10.99,11.04,11.54,13.78,12.48,16.67,18.18,19.51,20.56,20.89,20.36,20.39,20.71,21.77,22.4,21.92,21.45,22.06,19.48,18.66,17.58
9/2/2016,0,17.57,18.51,15.48,13.13,13.44,18.17,19.29,19.47,21.04,22.92,22.68,23.14,23.25,23.85,24.2,24.22,24.82,24.76,23.2,22.72,23.24,21.78,19.8,13.39
9/1/2016,0,21.95,22.4,21.4,20.84,21.23,22.41,24.75,23.41,25,29.65,32.65,30.92,38.02,28.4,27.64,27,30.53,35.19,26.33,26.55,26.75,24.29,19.51,18.62
8/31/2016,0,21.03,20.1,18.91,16.88,16.6,20.79,22.99,22.88,23.23,23.92,27.81,29.01,31.13,53.98,83.86,53.34,37.29,35.14,29.25,33.91,38.71,27.28,24.07,22.39
8/30/2016,0,20.86,20.56,18.06,16.14,16.38,20.96,22.88,22.12,22.86,23.82,26.76,26.98,27.8,35.25,38.73,51.03,48.07,49.22,36.35,39.85,54.88,31.12,23.37,22.2
8/29/2016,0,21.01,19.97,18.05,16.9,17.92,20.52,22.56,22.18,23.36,24.54,29.33,38.77,47.28,42.55,39.37,43.28,60.07,42.16,42.46,32.33,36.65,27.97,25.01,22.4
8/28/2016,0,21.32,20.6,18.89,16.93,14.54,15.82,11.01,14.92,20.35,21.73,23.96,30.22,40.94,38.84,30.52,50.64,73.84,32.36,30.54,27.13,27.39,25.23,23.18,22.06
8/27/2016,0,21.99,20.59,19.01,17.39,16.11,16.38,16.39,18.52,21.02,23.53,25.24,26.13,26.47,28.27,31.75,38.65,37.48,30.68,28.41,27.05,27.62,24.73,23.32,21.8
8/26/2016,0,22.84,21.93,21.35,20.19,19.9,21.39,23.3,23.23,25.16,37.02,30.49,46.61,40.98,78.04,59.06,190.04,48.54,38.47,31.49,27.06,27.25,25.99,25.98,24
8/25/2016,0,21.08,20.3,18.12,15.2,16.02,19.77,21.18,22.04,22.88,26.48,27.25,45.99,53.54,77.81,156.36,198.4,175.67,139.61,35.97,60.33,36.49,29.86,28.22,24.42
8/24/2016,0,18.52,18.41,14.65,12.24,13.44,19.83,20.72,19.02,20.27,21.67,23.37,24.99,27.57,30.1,28.01,69.63,93.06,32.69,33.08,27.07,31.3,40.38,24.27,22.11
8/23/2016,0,3.9,12.61,-20.67,-29.41,7.43,12.94,16.06,17.74,18.68,20.72,21.98,22.83,23.19,23.79,25.46,40.93,46.43,49.02,47.4,26.44,25.9,22.51,20.87,18.19
8/22/2016,0,15.99,18.05,13.34,9.67,11.13,15.86,19.51,20.05,22.29,22.84,23.6,24.14,24.21,25.24,38.62,29.8,34.54,46.57,36.58,22.93,23.17,21.67,19.24,16.93
8/21/2016,0,20.49,19.32,17.12,14.5,14.88,15.6,15.79,15.99,21.14,21.21,22.53,25.53,25.32,26.51,26.82,27.05,32,26.92,26.12,25.46,24.87,24.02,21.3,18.79
8/20/2016,0,21.54,20.89,20.49,19.79,18.38,18,17.81,18.83,21.88,23.98,29.14,28.86,34.51,30.96,57.46,38.04,41.23,35.76,31.62,30.41,30.45,26.25,24.05,22.7
8/19/2016,0,22.01,21.48,20.48,19.19,19.57,21.29,22.79,23.26,23.59,25.98,30.15,39.42,31.28,32.23,35.35,47.58,41.55,39.83,36.07,33.38,30.63,26.37,24.25,21.85
8/18/2016,0,22.13,21.8,20.26,18.62,19.94,21.64,24.26,25.08,25.05,25.66,28.64,34.54,31.44,46.83,82.87,85.25,62.31,83.53,52.42,34.21,36.46,30.9,26.34,24.51
8/17/2016,0,24.04,22.91,22.37,21.51,21.97,22.91,26.98,27.03,27.46,29.14,28.64,31.86,32.31,40.12,52.29,94.36,79.65,38.57,47.96,39.83,43.85,33.8,26.66,23.43
8/16/2016,0,21.84,20.57,17.24,17.24,18.67,20.66,22.3,22.96,25.38,25.35,56.21,30.33,33.63,89.75,45.87,51.52,43.85,37.03,38.34,36.61,39.49,28.39,24.9,24.83
8/15/2016,0,22.46,21.25,20.78,19.94,20.57,21.81,22.83,23.17,23.65,29.81,29.61,30.78,40.7,33.69,34.86,35.42,35.98,38.36,34.95,29.9,30.83,27.53,23.39,22.65
8/14/2016,0,25.38,24.53,22.82,21.61,20.76,20.84,20.11,21.64,24.09,28,29.42,31.63,33.57,31.63,35.52,52.55,44.15,58.01,33.28,29.59,28.44,27.02,24.97,23.94
8/13/2016,0,26.42,24.11,23.31,22.47,22.13,22.12,22.28,23.15,27.61,31.47,31.89,47,73.44,67.27,64.4,71.07,79.76,90.98,66.57,44.41,47.22,55.78,43.64,25.91
8/12/2016,0,27.78,24.16,23.09,22.54,22.68,24.17,30.35,27.43,30.87,36.92,42.1,69.86,96.71,124.61,99.98,98.41,88.06,53.64,44.29,32.66,35.37,39.04,31.04,28.81
8/11/2016,0,25.32,26.24,23.19,22.74,22.27,23.09,25.2,25.88,60.04,81.52,38.59,89.2,104.05,120.07,175.65,128.85,116.14,63.86,45.45,46.1,79.46,36.15,28.59,28.67
8/10/2016,0,22.78,22.99,21.9,20.79,20.46,21.25,23.3,24.45,24.86,37.67,47.62,43.89,48.49,77.63,70.98,100.21,151.65,75.11,71.39,37.98,90.6,63.8,31.47,30.21
8/9/2016,0,19.13,18.98,16.62,14.4,17.53,19.48,21.18,21.68,22.72,23.79,26.66,32.36,31.5,80.04,58.52,34.58,70.91,39.71,38.33,42.31,70.73,42.44,24.99,23.43
8/8/2016,0,19.56,18.6,16.05,15.21,17.53,18.98,19.22,19.99,22.13,23.63,27.02,68.11,26.85,29.45,36.08,32.85,49,75.54,35.52,31.86,58.34,24.86,22.46,20.69
8/7/2016,0,21.57,20.95,16.42,15.51,13.79,13.54,12.11,15.03,20.17,21.69,22.74,24.3,27.4,30.75,33.33,33.49,40.19,60.33,36.81,29.02,26.24,24.89,23,20.24
8/6/2016,0,21.81,21.19,19.13,19.05,18.99,20.04,18.07,19.57,22.96,24.39,28.55,31.15,28.49,31.16,28.41,31.17,32.51,32.03,31.87,26.64,28.64,28.25,22.76,21.91
8/5/2016,0,21.88,20.47,19.03,17.17,17.76,19.44,20.39,22.41,21.95,24.74,27.57,28.52,31.25,30.91,33.99,35.61,36.42,34.96,29.78,29.82,32.23,29.06,24.17,23.39
8/4/2016,0,20.69,20.76,18.75,17.09,17.5,20.04,22.24,26.4,23.23,25.72,31.59,134.91,41.98,48.17,35.42,37.46,37.33,40.77,32.49,29.33,31.03,31.85,25.08,23.3
8/3/2016,0,21.46,21.02,19.75,18.87,19.33,20.61,21.5,23.08,24,35.68,33.91,28.15,37.28,72.86,39.89,44.51,44.45,38.55,31.63,30.72,27.24,29.77,23.61,22.9
8/2/2016,0,21.97,20.8,19.62,18.73,19.09,21.21,22.61,24.06,26.21,25.68,30.04,29.99,32.29,43.73,41.96,84.54,34.56,31.16,29.71,27.88,27.85,26,23.89,22.45
8/1/2016,0,22.12,21.61,20.56,20.12,20.6,21.92,22.73,23.44,27.7,28.06,57.61,56.38,41.5,61.54,51.24,41.27,37.97,35.68,32.48,30.49,32.65,35.69,24.33,23.53
7/31/2016,0,22.38,21.59,20.74,19.5,18.32,19.13,18.9,19.07,21.82,23.37,43.08,53.43,59.39,62.21,60.76,80.08,51.39,45.02,39.73,50.61,64,29.51,29.98,23.96
7/30/2016,0,23.39,22.94,21.18,20.58,20.16,20.28,20.4,21.33,23.71,38.31,33.93,54.34,31.84,28.72,28.39,35.9,29.06,34.62,28.22,29.55,26.9,26.33,25.15,22.31
7/29/2016,0,24.3,22.29,21.81,21.35,21.73,23.57,25.75,23.69,24.46,32.14,28.11,32.98,35.55,38.79,39.65,46.79,54.21,56.85,37.31,39.06,37.03,31.13,25.66,24.1
7/28/2016,0,25.84,23.19,22.48,21.81,21.92,23.2,24.17,27.55,30.96,41.98,41.57,60.25,79.91,80.97,69.12,33.21,36.39,34.36,38.48,39.73,37.91,33.46,26.93,27.27
7/27/2016,0,23.44,22.45,30.03,20.82,20.99,23.39,24.12,25.41,26.46,29.89,36.95,38.28,41.72,54.77,74.74,84.88,162.75,75.91,66.19,40.81,69.57,36.14,37.35,29.46
7/26/2016,0,23.08,22.08,20.92,20.03,20.38,22.33,23.36,25.06,29.24,29.39,33.04,35.95,34.83,40.09,44.24,41.27,48.18,69.29,42.15,36.18,39.03,34.26,27.73,26.07
7/25/2016,0,23.21,22.04,21.14,20.64,20.77,22.04,22.89,25.84,29.07,33.48,38.42,36.95,68.8,77.12,82.07,49.45,45.71,51.57,41.43,38.82,35.31,38.85,27.4,26.56
7/24/2016,0,23.51,20.93,18.94,17.22,11.87,3.59,10.94,16.98,22.41,24.6,24.66,27.57,30.37,29.24,33.33,43.12,35.36,44.81,45.5,38.48,31.06,31.69,27.17,24.54
7/23/2016,0,23.32,22.61,21.28,20.16,19.33,18.54,19.11,21.8,26.01,27.05,31.57,34.93,37.04,37.09,56.18,46.95,44.74,37.18,34.22,33.88,29.35,29.82,26.2,25.12
7/22/2016,0,21.73,19.87,19.51,15.76,16.97,19.65,21.68,22.52,23.87,26.43,27.39,29.41,37.52,36.51,54.17,61.03,84.92,44.2,43.17,35.35,30.29,31.68,28.01,25.82
7/21/2016,0,20.42,20.26,17.35,16.87,16.66,19.04,20.87,23.59,30.75,27.47,32.14,28.62,39.47,33.85,33.55,37.35,52.03,37.81,36.62,31.92,31.17,29.2,28.06,24.47
7/20/2016,0,23.19,22.42,20.51,19.19,19.55,20.82,22.4,24.43,28.05,27.81,30.11,29.74,29.06,35.38,34.26,59.08,47.68,47.38,83.64,77.75,41.12,42.19,44.15,24.25
7/19/2016,0,21.98,22.42,20.9,19.97,20.51,21.79,23.09,27.24,42.16,27.49,29.12,30.18,30.96,49.78,43.26,39.29,89.6,39.42,35.84,33.95,34.23,45.98,26.58,24.21
7/18/2016,0,22.17,21.15,20.41,19.36,19.92,20.88,21.62,23.31,24.02,31.05,36.82,38.5,36.39,56.61,45.65,36.6,29.35,31.21,38.28,35.88,37.26,33.62,26.94,23.93
7/17/2016,0,17.92,16.46,14.24,14.02,11.74,9.08,1.71,11.1,17.03,21.88,23.85,25.01,27.29,29.27,37.99,31.23,51.24,39.84,66.18,63.5,50.61,51.7,26.34,23.08
7/16/2016,0,21.3,21.29,20.16,18.27,16.75,17.44,19.13,21.3,22.57,25.84,26.92,29.88,30.68,34.36,36.19,35.48,30.35,28.73,28.11,27.05,24.71,24.77,22.82,20.39
7/15/2016,0,22.86,21.89,21.06,19.93,19.05,21.35,23.43,25.32,26.45,28.79,30.9,31.52,30.45,34.21,33.31,35,33.11,32.75,30.16,27.2,26.86,27.38,24.6,23.21
7/14/2016,0,21.26,20.04,18.92,17.43,18.35,20.63,22.49,25.9,24.94,27.81,34.3,40.21,108.34,35.13,45.61,38.85,34.39,44.9,50.76,39.9,38.93,34.41,29.04,24.11
7/13/2016,0,22.63,22.3,21.62,21.01,21.11,22.55,22.42,24.93,26.03,27.25,36.01,35.89,47.64,40.13,40.56,38.67,35.21,35.93,33.36,37.01,35.61,34.44,26.28,23.93
7/12/2016,0,21.06,20.45,18.03,16.68,16.32,19.84,20.92,22.36,24.24,28.72,35.89,59.45,31.39,33.93,34.89,34.57,38.7,37.4,36.95,39.46,40.07,39.48,26.89,25.49
7/11/2016,0,18.41,18.16,16.2,14.99,16.34,18.64,18.8,20.72,23.99,24.31,48.31,31.81,43.94,46.95,83.27,56.38,89.61,55.44,49.9,34.94,37.81,46.18,25.23,21.04
7/10/2016,0,16.42,19,16.67,14.37,9.17,12.87,8.7,15.83,18.67,21.15,23.14,24.21,25.52,77.61,27.76,32.35,43.82,33.89,66.63,73.33,24.93,24.15,22.39,18.9
7/9/2016,0,21.19,20.73,19.49,18.19,17.74,17.47,16.58,19.5,20.48,23.27,24.42,24.75,24.29,25.06,25.07,28.07,28.8,32.62,26.66,25.44,23.39,23.79,21.79,18.99
7/8/2016,0,22.53,21.8,20.16,18.91,19.23,20.82,22.8,23.99,25.08,27.27,32.64,38.89,35.69,33.75,33.82,32.94,31.77,32.14,30.09,27.84,25.35,25.85,24.21,22.24
7/7/2016,0,23.2,22.39,20.63,19.97,20.75,21.41,21.86,24.75,27.8,37.35,36.52,36.33,33.06,47.63,53.71,41.44,38.96,34.4,34.58,34.07,29.29,29.6,27.98,24.66
7/6/2016,0,21.64,20.11,18.63,14.68,17.73,19.69,21.31,23.34,23.18,28.31,30.22,31.04,77.58,39.15,32.35,32.76,59.28,53.87,112.52,47.42,39.43,37.79,28.3,26.35
7/5/2016,0,15.07,13.84,14.13,13.41,14.32,16.72,18.73,20.28,22.07,23.44,28.18,28.47,28.19,36.24,39.6,77.87,62.52,99.35,37.59,73.59,38.67,37.08,27.96,21.95
7/4/2016,0,13.12,14.14,13.57,13.35,15.1,14.82,-56.71,-34.92,14.21,15.98,19.32,20.4,20.76,21.24,20.89,19.93,19.51,19.81,21.15,21.05,21.16,20.91,19.26,17.43
7/3/2016,0,17.06,19.32,17.48,15.87,14.66,5.03,-12.65,-9.77,13.89,15.64,17.18,19.13,20.13,20.14,19.95,19.47,17.85,18.26,18.49,17.79,17.22,18.24,17.05,11.95
7/2/2016,0,17.88,18.92,18.13,14.86,13.22,4.16,-6.59,16.57,19.71,20.12,21.39,21.83,21.99,22.2,21.55,21.91,21.82,21.8,21.37,21.01,20.27,20.61,18.59,14.35
7/1/2016,0,19.89,18.64,17.88,15,14.74,16.67,18.25,20.61,21.83,23.06,23.79,24.85,25.39,27.22,27.53,27.6,29.21,26,24.66,24.26,23.32,22.57,22.19,18.61
6/30/2016,0,20.16,18.76,17.29,16.32,16.5,17.76,19.18,20.79,22.1,23.32,23.64,24.15,24.43,26.09,27.38,30.7,42.32,30.6,27.38,27.95,25.61,25.75,23.36,22.44
6/29/2016,0,20.44,18.7,18.15,16.26,17.11,19.12,20.88,22.97,23.84,24.4,26.48,63.22,33.14,30.8,27.85,37.51,35.12,33.97,33.6,29.38,25.2,25.19,23.88,21.15
6/28/2016,0,21.33,20.46,18.05,17.15,18.43,20.82,21.74,22.72,23.5,25.28,26.46,28.66,32.9,31.34,39.23,40.14,31.9,29.74,28.63,26.95,25.41,24.87,22.57,21.68
6/27/2016,0,20.73,19.4,16.97,15.68,15.08,17.43,20.18,21.49,24.38,47.4,33.57,28,31.15,46.39,35.76,42.76,38.44,32.66,30.81,29.68,31.65,31.75,24.26,22.43
6/26/2016,0,21.52,21.25,19.29,18.11,16.48,13.73,12.03,17.37,19.31,21.91,24.46,27.1,44.33,27,27.14,45.94,74.9,44.69,42.66,39.45,35.53,30.37,25.12,22.28
6/25/2016,0,21.3,20.62,19.6,16.77,17.27,16.59,14.33,18.32,21.32,22.59,25.23,27.64,82.62,25.46,36.38,63.24,43.42,70.48,33.9,30.19,26.77,25.74,23.74,22.06
6/24/2016,0,21.09,19.93,19.49,18.93,17.8,19.37,21.23,22.58,24.32,29.65,30.85,30.09,30.78,48.36,36.42,65.63,45.22,44.31,50.87,31.78,26.24,26.22,23.79,22.1
6/23/2016,0,19.1,18.55,17.77,17.4,18,20.01,21.46,22.28,22.61,24.38,24.58,25.41,25.88,31.46,30.43,37.85,47.66,29.52,26.94,26.38,26.49,25.7,23.38,21.29
6/22/2016,0,20.35,19.62,18.71,17.1,16.81,18.86,19.71,21.65,22.09,22.4,23.75,24.94,24.63,25.45,26.54,26.2,32.01,30.3,30.9,30.27,25.22,25.28,22.06,19.29
6/21/2016,0,22.47,21.57,19.74,18.77,18.74,20.48,21.64,22.62,22.79,24.44,27.02,27.13,28.09,27.92,26.98,26.82,27.4,28.11,27.44,28.04,24.53,24.72,23.56,21.52
6/20/2016,0,18.57,16.67,8.59,7.23,12.64,12.49,16.65,20.78,22.57,24.38,28.15,28.83,32.89,31.79,31.28,35.73,36.32,39.67,45.52,41.27,33.88,30.41,24.6,23.48
6/19/2016,0,17.69,17.71,15.61,13.44,12.53,-6.65,9.44,14.18,18.32,21.2,23.81,28.74,29.39,27.82,28.04,37.5,51.84,38.22,36.25,36.05,33.43,51.12,22.43,19.84
6/18/2016,0,17.23,17.55,15.94,14.62,14.28,13.74,14.24,15.33,20.88,22.1,23.3,25.53,25.5,27.15,28.05,36.22,42.62,65.05,35.27,41.2,27.33,25.28,22.74,19.09
6/17/2016,0,20.6,19.95,18.54,17.51,17.63,19.73,20.31,21.9,25.23,25.02,27.72,26.84,27.63,31.07,49.88,37.07,51.35,43.05,49.36,45.67,25.69,24.66,22.89,19.65
6/16/2016,0,21.94,22.23,21.59,20.2,20.63,21.69,22.46,28.1,49.23,36.46,28.97,30.21,25.89,32.52,48.43,29.94,27.52,33.21,34.18,27.4,30.63,27.14,23.75,21.98
6/15/2016,0,18.96,17.62,16.07,15.25,15.04,16.64,19.2,19.41,21.32,22.96,23.46,24.56,26.45,59.52,115.68,42.4,71.14,41.58,34.25,27.93,28.73,28.29,25.15,23.98
6/14/2016,0,16.81,16.6,17.29,15.53,15.79,18.31,19.57,20.27,20.89,22.01,22.88,24.61,27.89,24.68,25.45,27.37,29.25,28.73,36.36,28.47,24.85,24.99,22.65,21.63
6/13/2016,0,12.56,14.2,8.56,-0.4,9.04,12.7,13.79,18.84,18.79,19.96,22.26,22.85,23.33,23.27,23.01,23.49,24.28,24.61,25.19,25.32,24.33,24.34,21.98,18.59
6/12/2016,0,22.06,21.14,20.24,17.6,14.57,11.27,11.65,18.16,21.82,22.75,24.02,25.43,24.43,24.86,23.97,24.47,24.76,23.85,23.68,22.88,20.55,21.53,19.99,16.33
6/11/2016,0,17.53,16.56,17.92,14.1,4.09,2.58,-4.35,10.69,18.15,22.71,40.39,23.89,28.31,28.92,61.93,73.92,106.08,87.42,39.44,48.56,39.59,43.87,26.38,25.04
6/10/2016,0,12.04,9.22,4.86,-8.59,-1.17,10.01,14.4,17.99,20.82,21.51,22.51,22.62,24.88,24.31,24.57,28.05,49.97,35.38,66.3,50.03,27.32,34.4,23.87,19.83
6/9/2016,0,13.77,13.55,10.89,5.19,1.9,13.89,16.36,18.41,18.42,19.48,19.75,19.75,21.59,22.39,22.32,22.54,24.4,34.76,29.02,26.13,22.95,23.23,20.41,13.68
6/8/2016,0,15.33,15.87,14.26,11.9,10.24,14.66,18.13,18.41,19.92,21.91,22.74,21.88,22.11,21.87,20.03,19.15,20.68,24.33,22.1,21.44,20,21.24,16.97,13.59
6/7/2016,0,20.59,19.57,17.97,14.82,15.33,17.66,21.23,22.97,25.7,28.89,34.23,27.24,28.67,43.08,27.97,26.42,26.26,26.05,25.77,25.03,23.91,23.94,18.67,18.1
6/6/2016,0,11.72,12.19,11.06,10.56,10.56,13.3,16.47,22.17,23.52,24.4,25.5,25.51,25.01,27.93,38.69,34.63,64.74,57.5,65.09,26.85,30.84,35.5,25.13,20.42
6/5/2016,0,19.74,19.36,17.25,14.45,14.36,14.57,13.84,16.01,18.97,20.46,22.02,23.05,28.71,23.7,23.97,24.96,30.58,26.05,29.13,27.61,24.61,24.28,18.57,15.73
6/4/2016,0,17.82,16.16,14.26,12.86,12.04,13.34,12.91,15.96,20.15,22.85,24.56,29.29,43,27.34,27.19,30.86,28.86,42.4,35.07,26.39,25.84,25.51,23.13,20.64
6/3/2016,0,20.03,18.39,16.41,17.04,18.34,21.97,23.45,24.28,26.28,32.57,28.26,37.35,34.26,77.36,30.97,39.48,47.04,85.54,31.11,26.18,26.53,29.86,23.49,19.39
6/2/2016,0,18.32,18.71,16.08,15.88,15.89,20.45,22.73,23.92,25.38,26.4,32.99,42.29,39.61,101.86,48.51,76.09,66.37,80.63,36.21,56.83,94.96,48.15,24.62,20.1
6/1/2016,0,21.16,18.95,15.33,14.48,15.52,19.53,21.29,24.21,24.05,31.35,68.83,24.81,29.69,102.99,98.97,103.15,86.33,79.89,66.63,31.58,79.66,41.73,25.98,21.06
5/31/2016,0,16.91,13.71,12.36,10.44,11.88,14.86,17.39,21.74,24.74,26.93,63.13,29.64,47.38,33.03,35.31,102.42,110.5,69.28,31.06,28.66,26.54,32.85,23.47,21.24
5/30/2016,0,19.82,17.4,14.99,13.11,12.19,12.15,11.26,10.45,16.06,21.77,24.6,26.08,26.38,28.61,40.07,26.47,27.65,28.12,29.06,26.27,25.43,27.73,22.71,17.17
5/29/2016,0,22.31,20.7,18.89,16.26,13.84,12.03,11.58,14.81,18.98,22.51,24.96,25.56,25.98,26.07,25.61,25.69,26.3,26.36,28,25.65,25.17,23.64,21.31,18.91
5/28/2016,0,18.4,18.61,16.97,11.77,1.63,-3.66,1.49,15.14,21.17,23.58,25.93,26.14,29.14,30.92,38.43,31.47,39.12,33.74,37.26,27.04,28.22,29.19,24.67,21.65
5/27/2016,0,19.61,16.94,13.23,12.26,12.49,15.6,18.64,21.06,24.08,24.61,27.26,47.53,48.48,37.5,31.14,36.18,62.81,120.86,32.53,26.71,24.98,25.35,23.34,19.63
5/26/2016,0,16.23,14.99,13.49,11.18,11.86,14.9,18.49,19.3,21.29,24.12,22.68,34.28,26.15,57.26,71.58,94.94,113.9,53.46,34.91,29.34,30.42,27.29,24.61,21.58
5/25/2016,0,15.67,16.13,14.72,10.91,12.11,14.84,18.08,18.95,21.73,21.88,23.8,23.35,24.18,25.41,25.77,29.29,65.99,54.73,32.97,24.84,65.49,26.45,22.97,18.89
5/24/2016,0,12.98,7.71,10.96,9.43,7.04,19.04,22.76,23.97,24.98,26.76,25.13,29.99,26.03,30.01,36.56,49.13,27.85,54.48,36.97,32.09,32.29,36.93,22.96,18.77
5/23/2016,0,10.02,-1.4,-1.19,-6.46,3.55,16.35,21.85,22.81,22.94,24.2,29.18,24.35,24.91,30.75,26.06,24.32,26.93,26.47,25.11,22.77,26.44,22.14,17.03,15.43
5/22/2016,0,16.25,14.02,11.45,10.59,11.24,11.27,8.72,11.43,16.45,15.78,19.35,19.78,19.18,17.82,16.7,19.63,21.78,22.81,21.61,21.7,22.73,21.4,26.5,12.27
5/21/2016,0,14.9,16.75,14.61,17.73,13.31,16.98,16.13,18.08,25.86,22.04,23.72,23.28,21.25,21.9,21.8,21.7,23.83,22.08,20.87,22.49,22.44,22.45,21.29,18.14
5/20/2016,0,9.83,17.34,13.68,3.64,12.68,17.54,20.22,23.56,30.71,23.45,23.33,22.98,23.55,26.45,31.65,27.87,44.43,21.17,17.57,18.29,27.34,22.13,19.71,12.75
5/19/2016,0,12.95,12.83,11.72,12.36,13.75,17.16,20.79,26.36,23.63,24.67,23.34,23.08,25.28,24.45,30.21,23.9,24.94,27.8,24.18,22.89,31.39,23.46,19.3,13.77
5/18/2016,0,14.94,14.25,11.98,12.39,13.94,18.99,23.74,22.51,21.92,22.78,22.73,21.91,22.18,21.52,21.39,21.46,21.78,22.1,21.99,21.2,21.02,21.73,16.75,13.45
5/17/2016,0,15.79,14.71,14.92,15.21,16.83,20.31,76.75,24.86,28.98,26.45,25.05,25.78,23.95,28.22,23.61,33.39,23.78,23.99,23.5,22.71,23.56,24.04,19.22,15.75
5/16/2016,0,17.62,12.78,12.68,12.42,15.9,18.6,22.23,22.58,27.49,24.96,23.72,25.75,24.09,23.52,23.95,22.97,22.48,22.54,23.08,21.91,45.7,22.66,19.85,17.6
5/15/2016,0,13.95,14.93,15.66,13.92,15.28,14.18,12.32,14.05,19.8,18.07,17.54,17.73,20.35,17.23,14.55,17.22,19.04,21.34,21.42,21.82,28.23,21.6,21.46,18.4
5/14/2016,0,17.49,16.38,13.18,13.18,12.45,14.34,13.36,16.6,19.67,20.92,22.11,22.13,22.05,21.41,21.75,20.02,21.21,21.6,21.44,21.71,26.03,23.33,16.52,17.15
5/13/2016,0,18.53,17.09,14.19,13.92,14.36,19.03,21.03,22.9,23.26,24.04,25.68,24.1,24.17,24.38,24.63,24.5,24.45,23.51,22.57,22.28,29.61,23.16,20.22,9.87
5/12/2016,0,16.82,15.15,15.54,14.58,16.39,19.49,21.78,22.74,22.8,22.55,24.43,24.1,26.61,39.26,23.72,23.33,23.72,24.35,23.94,24.42,28,23.11,22.36,16.85
5/11/2016,0,16.32,17.23,17.35,16.66,16.87,19.82,33.99,36.61,24.87,31.53,25.41,27.02,41.16,26.1,27.81,28.65,33.37,61.94,34.8,24.62,38.45,45.8,23,19.55
5/10/2016,0,17.82,17.6,16.61,14.57,14.83,20.62,26.39,22.9,23.71,24.64,24.38,24.97,28.83,23.71,26.72,23.05,23.38,24.19,25.64,24.49,25.56,24.39,22.41,19.63
5/9/2016,0,12.85,10.92,11.52,6.39,9.65,17.61,25.48,22.44,22.78,23.99,22.92,23.61,24.41,23.67,22.47,22.21,22.96,23.54,24.62,23.7,25.76,23.66,17.84,15.65
5/8/2016,0,17.1,14.88,11.65,6.12,10.16,10.47,11.7,16.36,18.02,19.73,19.34,18.79,19.45,18.79,18.78,20.07,20.61,20.46,22.61,21.96,24.2,23.34,17.27,15.77
5/7/2016,0,17.47,16.92,15.1,12.93,14.11,19.11,16.96,17.66,22.08,24.75,22.54,22.88,21.78,18.06,19.98,19.22,19.88,19.74,20.59,20.55,25.11,21.5,19.34,17.48
5/6/2016,0,17.87,17.62,16.99,16.88,19.18,20.33,25.04,24.36,24.68,25.76,25.64,25.27,24.61,24.68,25.12,25.11,24.57,24.14,23.12,22.69,23.78,23.75,20.86,18.91
5/5/2016,0,17.89,15.94,15.56,14.68,17.97,22.84,27.26,34.78,28.71,28.93,25.84,29.57,26.83,26.26,25.4,25.3,25.07,25.51,25.08,24.18,26.01,25.2,22.16,19.26
5/4/2016,0,15.47,14.81,10.58,13.93,18.48,20.85,26.09,25.31,26.13,27.06,24.83,24.62,25.56,22.68,23.62,23.26,26.95,26.26,25.5,26,34.46,28.44,22.7,19.04
5/3/2016,0,21.4,19.64,18.97,18.48,19.98,22.82,32.1,25.7,25.97,26.71,25.81,25.97,25.99,31.34,25.52,28.1,25.52,24.91,24.83,24.48,24.16,27.07,19.73,16.43
5/2/2016,0,20.58,17.57,18.48,17.64,20.21,21.65,43.67,28.97,29.5,34.11,29.26,28.5,32.54,49.36,38.43,26.97,27.53,28.35,28.42,26.73,27.67,33.25,27.28,23.06
5/1/2016,0,20.62,19.69,20.09,18.39,18.83,22.2,20.29,19.55,24.96,34.91,26.9,27.46,29.88,26.22,33.95,25.6,27.33,26.45,27.74,24.87,27.08,25.77,25.37,20.65
4/30/2016,0,22.23,23.14,21.58,21.6,22.16,22.38,19.14,21.1,26.93,24.45,25.28,24.44,24.94,23.94,22.9,24.08,24.01,29.44,26.58,34.14,28.68,26.59,24.71,22.23
4/29/2016,0,17.78,18.4,19.27,18.53,20.23,21,39.16,40.18,34.25,24.99,27.46,33.75,53.14,94.58,27.45,29.8,28.27,26.21,23.03,24.36,28.53,24.89,24,22.6
4/28/2016,0,17.26,16.05,16.39,16.1,17.14,20.55,34.7,36.58,24.3,69.97,61.79,22.49,28.38,27.66,42.14,24.85,25.28,28.39,26.01,24.23,24.63,25.06,23.95,20.35
4/27/2016,0,19.55,18.17,17.59,17.3,18.81,20.32,25.44,22.91,23.43,23.8,23.57,23.98,23.78,24.31,23.44,23.58,23.7,23.99,23.52,23.2,27.15,24.11,20.77,18.94
4/26/2016,0,16.76,17.2,13.6,10.07,14.4,21.76,22.87,23.39,23.07,26.07,28.28,25.49,27.01,28.15,27.97,26.58,26.74,30.27,25.72,24.06,25.3,23.56,23.09,20.61
4/25/2016,0,13.6,10.67,-0.99,9.48,11.93,15.98,22.51,22.72,22.22,21.47,22.47,22.81,24.13,31.18,26.06,25.05,25.08,25.41,25.18,23.7,28.76,22.97,23.15,21.15
4/24/2016,0,15.92,15.96,15.81,14.42,15.93,19.95,17.52,16.55,20.82,21.93,21.27,22.71,22.34,22.9,23.25,28.81,38.17,26.3,23.07,23.21,27.29,24.17,20.19,17.43
4/23/2016,0,22.68,21.99,18.14,19.06,20.32,21.14,21.12,19.11,26.87,25.57,25.47,24.35,24.1,21.68,22.67,22.79,22.96,23.24,22.24,21.5,23.53,24.81,22.49,22
4/22/2016,0,20.05,19.89,18.41,19.43,20.54,26.93,27.17,23.8,44.26,26.39,63.5,25.99,32.98,37.64,38.52,29.12,25.96,23.87,23.51,23.09,23.8,24.24,23.52,21.94
4/21/2016,0,21.11,20.42,19.56,18.76,22.94,25.67,25.3,47.77,75.82,27.7,28.75,35.56,38.82,51.73,34.04,26.96,24.62,26.96,80.9,34.2,70.04,45.06,26.18,21.47
4/20/2016,0,21.27,16.7,15.88,15.37,18.37,20.22,26.5,27.58,26.73,28.21,29.97,76.24,65.56,32.17,27.42,30.39,63.83,87.42,31.27,27.98,50.17,26.97,23.68,21.76
4/19/2016,0,17.89,15.02,15.91,14.86,19.97,21.98,24.02,27.51,30.12,29.27,28.34,32.63,68.71,53.07,31.72,26.03,26.6,28.04,68.58,23.49,50.38,48.78,23.54,22.59
4/18/2016,0,18.71,20.5,21.03,19.45,20.91,27.62,31.31,27.43,30.11,38.27,60.5,32.16,25.96,72.14,58.57,30.48,194.46,42.21,36.15,25.79,29.79,69.99,70.74,22.37
4/17/2016,0,16.2,17.47,16.41,18.83,19.36,20.71,17.64,18.14,21.87,21.25,21.74,22.06,74.95,21.39,30.98,21.91,24.64,29.49,26,24.01,40.12,76.23,26.77,20.17
4/16/2016,0,21.09,22.92,22.17,21.4,22.27,22.8,22.34,51.78,22.25,22.79,24.76,34.24,23.95,20.78,22.04,28.15,24.52,22.89,22.6,22.75,30.28,33.08,21.42,20.24
4/15/2016,0,21.96,20.04,21.12,21.57,21.49,24.39,28.47,37.71,38.62,41.03,47.27,65.92,30.89,30.54,25.86,37.37,27.89,22.09,22.61,21.73,26.44,27.15,25.82,20.09
4/14/2016,0,22.24,19.55,19.96,20.81,21.05,30.04,172.43,83.25,35.76,36.16,26.06,23.93,24.18,28.88,52.56,23.62,23.3,22.84,22.57,23.03,102.75,25.31,23.32,18.93
4/13/2016,0,21.71,21.51,21.42,22.07,22.83,22.47,80.41,100.79,25.8,25.97,26.01,33.14,27.29,26.02,26.1,24.21,24.21,23.72,24.07,23.73,32.37,24.43,21.81,20.82
4/12/2016,0,20.8,21.37,21.39,21.39,22,22.99,70.17,26.04,27.04,40.03,27.16,29.05,25.49,26.1,24.43,23.88,23.64,23.64,23.55,23.26,29.26,40.18,25.58,21.54
4/11/2016,0,21.42,20.63,18.17,20.37,22.26,46.56,29.89,26.83,30.06,35.04,44.91,28.02,24.35,25.37,25.1,24.79,25.75,26.37,23.68,23.15,29.27,26.32,22.36,21.07
4/10/2016,0,26.3,30.33,56.35,42.85,22.65,23.26,21.67,48.8,27.71,30.24,25.73,28.82,66.81,22.96,29,22.52,22.53,22.69,21.76,25.69,30.6,23.96,21.69,20.74
4/9/2016,0,23.44,23.37,23.92,23.67,23.82,25.59,26.28,25.54,30.31,38.11,63.96,106.98,28.5,27.5,25.71,22.77,23.78,23.25,20.91,25.76,43.57,26.85,27.9,60.9
4/8/2016,0,21.84,21.76,21.88,21.59,22.26,24.91,42.97,28.13,32.88,27.6,39.5,27.43,40.5,27.57,31.62,27.82,24.96,22.39,22.37,43.25,31.41,30.43,27.17,27.72
4/7/2016,0,19.21,17.01,17.36,18.18,18.22,18.7,24.24,64.56,26.91,45.48,32.39,40.65,25.33,29.86,27.22,23.4,23.47,24.61,57.74,35.15,43.31,89.18,21.83,22.56
4/6/2016,0,23.49,24.3,28.64,25.09,26.26,50.62,69,78.08,24.95,28.1,25.46,25.14,24.51,25,24.81,22.72,23.32,23.65,24.39,146.14,33.7,25.57,22.39,19.45
4/5/2016,0,22.26,22.16,23.33,22.71,23.73,25.93,87.44,36.7,27.37,24.46,24.54,28.77,25.1,23.49,24.78,22.49,21.89,22.15,22.23,27.11,28.98,29.56,26.42,25.58
4/4/2016,0,14.7,17.12,18.8,17.89,19.66,23.86,24.2,28.46,27.96,25.94,29.02,62.62,48.22,29.1,28.57,24.57,34.71,49.22,35.29,27.65,33.11,25.61,27.4,22.78
4/3/2016,0,22.19,21.13,21.5,21.65,23.22,22.87,23.95,22.79,23.87,22.57,21.61,18.81,18.52,18.56,18.27,17.67,19.21,19.5,21.07,22.93,24.32,23.81,19.47,16.96
4/2/2016,0,18.03,19.44,15.87,14.65,16.51,18.67,18.92,19.66,21.12,21.38,21.26,22.08,21.44,21.06,20.5,20.08,20.53,20.79,19.64,23.24,26.45,25.44,22.38,22.61
4/1/2016,0,18.72,18.45,16.33,17.46,19.15,22.13,28.29,24.39,33.31,28.6,28.96,36.49,28.5,26.34,25.26,26.19,25.25,28.02,20.75,29.81,27,23.23,20.99,19.56
3/31/2016,0,13.16,12.96,13.75,13.5,14.83,19.07,22.87,23.08,26.25,27.32,26.44,30.96,31.15,26.13,24.73,26.18,23.34,21.85,19.47,24.59,23.47,22.14,18.06,18.43
3/30/2016,0,20.15,19.44,19.54,20.14,21.31,23.39,36.54,26.31,22.98,25.66,31.3,25.11,24.09,22.34,21.19,19.4,18.68,20.32,20.82,22.12,32.56,22.18,17.66,13.05
3/29/2016,0,18.28,18.75,18.37,18.81,19.8,21.28,31.55,32.64,41.16,60.71,36.43,30.84,24.67,25.27,23.22,22.38,21.91,22.61,18.61,30.86,52.77,27.18,20.46,20.6
3/28/2016,0,14.05,15,12.94,14.2,14.81,18.25,21.49,30.52,54.77,54.08,44.72,47.06,54.53,37.95,57.71,35.93,22.79,24.7,20.8,36.79,37.41,27.34,22.31,20.07
3/27/2016,0,15.04,11.54,12.37,11.89,13.66,16.11,14.26,19.13,22.06,22.5,23.22,22.06,21.48,18.69,17.56,16.8,13.8,15.58,17.78,20.53,21.06,20.75,18.87,16.55
3/26/2016,0,19.83,13.02,17.63,16.94,18.54,20.47,22.32,24.14,26.77,26.81,23.13,22.01,16.19,19.39,13.18,17.11,17.92,18.53,18.84,25.93,25.48,20.95,19.61,17.79
3/25/2016,0,11.3,13.31,13.64,12.54,11.84,15.11,16.08,16.32,21.81,21.59,23.04,26.65,22.42,23.48,22.75,21.54,21.74,21.96,20.62,24.63,28.37,22.11,20.39,15.74
3/24/2016,0,12.05,11.94,12.45,12.68,15.25,13.85,24.32,25.77,23.81,32.93,22.75,21.9,27.16,25.02,23.14,23.01,22.1,21.99,20.86,20.42,21.54,21.72,17.69,16.06
3/23/2016,0,14.4,12.89,11.84,11.89,14.94,19.36,26.57,21.18,23.35,22.04,25.93,22.2,23.35,23.86,23.03,21.87,21.72,22.31,23.1,36.27,25.1,22.29,17.34,13.42
3/22/2016,0,19.93,18.29,17.66,20.15,22.69,24.02,36.56,74.63,28.93,23.02,21.02,23.04,21.57,19.97,18.34,17.31,19.52,20.55,20.49,56.29,24.07,21.28,13.78,14.92
3/21/2016,0,20.4,20.94,19.72,20.07,21.5,22.44,28.88,31.89,30.65,27.51,25.42,24.48,23.25,22.92,22.24,20.51,21.02,21.33,20.61,27.39,25.88,24.32,20.94,20.1
3/20/2016,0,20.4,18.56,19.51,19.3,18.17,20.97,20.68,21.85,23.74,24.25,24.12,21.43,21.99,21.83,21.36,19.86,22.08,20.4,16.65,22.51,25.99,24.25,22.83,21.61
3/19/2016,0,16.72,17.2,16.04,16.21,16.41,16.58,19.81,21.25,22.92,24.21,29.01,23.14,23.96,22.22,21.37,20.48,22.25,24.01,17.4,21.8,24.66,30.71,24.1,23.6
3/18/2016,0,14.76,13.31,13.57,14.87,13.31,17.81,24.04,23.11,23.44,22.94,20.61,19.94,20.47,21.99,22.61,21.66,20.21,17.26,15.75,20.11,21.18,20.28,21.26,18.05
3/17/2016,0,13.36,11.97,11.9,11.55,14.15,15.81,23.42,34.27,20.26,22.49,21.56,18.01,19.63,28.77,26.27,21.76,18.35,17.97,15.75,23.78,23.57,20.81,18.27,18.63
3/16/2016,0,13.62,12.06,11.5,9.85,9.33,8.54,21.99,23.97,21.69,20.63,20.52,20.59,20.87,21.93,20.85,19.87,20.17,20.09,15.79,21.34,23.49,21.63,17.74,14.55
3/15/2016,0,18.55,18.51,17.1,15.36,17.33,14.57,27.97,21.93,22.25,24.15,24.33,23.2,26.64,25.13,22.62,20.33,20.95,20.36,17.56,19.89,22.97,22.2,17.44,18.39
3/14/2016,0,16.14,11.08,12.83,14.54,14.07,17.1,24.23,30.99,24.72,25.51,58.87,24.7,29.31,73.52,24.8,24.84,23.99,22.74,21.17,41.95,26.43,40.76,23.91,21.93
3/13/2016,0,12.52,13.2,,8.98,10.2,11.77,9.17,9.89,13.61,16.77,15.54,21.74,32.13,22.46,20.83,21.72,23.49,21.65,19.42,57.97,24.78,24.65,17.61,19.76
3/12/2016,0,16.64,12.98,15.9,13.76,16.59,18.57,18.8,27.1,61.67,35.03,26.45,24.79,24.06,21.36,22.16,20.82,23.3,22.76,28.54,26.35,24.24,21.43,18.39,17.19
3/11/2016,0,13.5,14.24,13.69,12.68,12.93,6.35,21.2,23.74,22.05,22.09,29.09,32.74,28.25,24.1,21.15,20.14,19.4,16.92,29.78,22.07,22.89,20.46,20.66,17.45
3/10/2016,0,16.47,13.49,12.51,13.27,14.9,17.98,19.32,21.31,17.95,30.58,21.86,23.62,23.84,24.59,25.81,21.73,23.65,26.6,29.56,27.45,27.7,22.54,16.95,15.61
3/9/2016,0,5.25,7.22,5.88,8.8,9.84,13.33,20.09,20.21,20.05,18.88,18.49,25.48,23.46,29.49,33.1,20.36,19.5,16.73,28.06,32.59,21.7,20.02,15.79,16.49
3/8/2016,0,10.71,8.55,8.91,7.32,9.63,11.57,18.79,21.15,19.84,22.63,21.45,27.68,20.47,19.71,20.51,19.04,20,18.35,22.12,22.47,23.79,17.28,12.77,10.41
3/7/2016,0,18.52,17.25,17.75,20.37,19.33,25.48,33.73,34.8,21.37,21.7,20.27,20.87,19.32,17.75,16.78,14.88,19.81,18.61,34.63,29.42,21.06,18,14.24,11.98
3/6/2016,0,20.41,19.45,20.73,20.49,22.47,20.49,20.64,20.77,23.29,22.3,19.7,20.33,20.17,19.52,17.49,14.41,18.12,18.45,39.39,23.29,25.13,21.42,20.03,17.47
3/5/2016,0,28.27,23.39,22.8,23.32,21.78,24.55,54.89,24.83,37.67,27.46,29.24,25.26,22.92,21.66,21.98,23.53,23.99,22.76,36.82,29.3,29.86,26.22,24.42,22.03
3/4/2016,0,21.46,20.79,20.79,19.65,20.26,21.79,29.32,33.23,29.9,49.42,42.85,38.71,30.68,26.41,25.61,25.39,25.21,24.79,27.42,29.04,36.53,25.84,23.24,21.72
3/3/2016,0,20.43,19.76,21.3,21.69,23.88,23.33,43.9,29.96,25.06,25.33,25.07,23.46,25.9,23.34,22.76,22.78,24.7,24.65,28.12,27.58,26.81,40.32,22.07,21.28
3/2/2016,0,14.38,12.26,12.98,11.48,15.63,18.96,23.58,25.59,37.57,23.17,23.92,24,22.07,22.24,22.01,20.09,20.96,19.1,32.32,30.41,38.47,55.94,26.73,41.19
3/1/2016,0,18.95,17.31,17.56,17.33,18.93,21.89,87.7,24.37,23.49,21.67,21.93,20.54,20.11,18.39,18.23,18.31,17.94,20.85,44.27,52.6,24.26,20.77,17.96,16.78
2/29/2016,0,12.55,11.35,10.51,10.67,11.11,16.04,22.98,28.71,23.96,21.71,21.45,21.89,18.18,20.62,18.07,17.08,19.93,22.18,31.07,28.27,22.6,20.01,15.9,16.29
2/28/2016,0,16.69,17.5,17.51,15.63,14.04,15.98,15.71,16.52,15.57,12.3,12.2,10.77,9.84,9.29,7.19,11.17,13.62,13.05,25.07,21.43,17.57,14.53,11.63,10.65
2/27/2016,0,26.5,24.34,23.31,23.38,23.87,29.95,26.48,25.23,25.78,22.96,21.46,19.36,17.46,17.62,14.94,13.32,15.61,16.65,22.19,21.5,20.36,20.37,19.09,17.95
2/26/2016,0,19.81,19.43,19.35,19.21,20.53,20.73,24.58,25.87,30.53,24.32,27.21,26.01,24.37,23.81,23.91,23.59,23.21,24.07,27.55,25.95,26.14,25.43,24.97,23.53
2/25/2016,0,10.32,13.89,8.06,15.31,17.48,20.32,134.65,46.54,23.07,84.73,26.84,21.98,24.68,24.56,23.38,22.98,24.7,27.08,45.27,33.4,37.3,30.92,24.89,22.35
2/24/2016,0,14.43,14.44,13.67,13.57,15.42,18.88,27.96,25.1,25.64,23.71,22.34,23.46,22.97,23.02,22.15,22.07,22.02,21.54,24.36,23.77,23.11,20.5,17.96,14.09
2/23/2016,0,14.79,14.39,13.79,14.16,15.88,19.48,22.56,24.1,23.51,23.71,22.78,22.68,21.41,22.33,21.96,21.36,22.66,23.19,25.47,22.72,23.37,20.68,18.35,16.15
2/22/2016,0,14.6,13.42,13.75,16.23,17.39,21.83,53.55,26.28,24.91,24.44,22.23,22.34,21.74,20.86,19.77,20.74,21.13,21.58,25.33,24.51,23,22.05,19.75,15.96
2/21/2016,0,13.39,15.14,13.19,13.06,12.69,14.7,17.63,15.22,12.58,19.91,19.28,19.73,18.94,17.67,17.27,17.14,18.3,19.69,22.86,23,21.88,19.38,16.9,14.3
2/20/2016,0,14.01,17.72,13.91,12.54,13.15,17.49,17.63,16.15,23.24,20.3,19.67,17.55,18.13,15.39,14.15,11.48,11.99,17.46,23.45,19.95,18.19,19.39,15.3,12.33
2/19/2016,0,19.96,20.77,20.71,21.32,22.93,25.41,151.97,33.06,25.91,27.98,25.88,24.21,24.64,22.86,21.7,22.11,22.99,25.32,27.71,25.35,24.87,20.25,20.24,15.05
2/18/2016,0,21.12,22.25,22.12,20.92,20.9,23.47,29.89,27.64,23.59,21.87,21.73,20.87,19.64,18.44,14.4,18.82,19.65,21.48,23.79,23.74,23.57,23.07,21.22,20.02
2/17/2016,0,16.85,16.44,17.08,17.63,18.5,21.07,34.61,22.8,22.51,22.74,24.18,22.36,21.43,22.74,19.85,21.92,22.31,22.43,24.94,24.1,23.36,21.94,21.96,21.37
2/16/2016,0,34.51,34.2,26.92,26.9,27.14,29.93,82.52,41.09,48.03,31.78,37.96,51.85,31.46,25.64,25.24,24.52,24.96,34.63,43.59,31.07,28.08,25.96,22.91,20.71
2/15/2016,0,38.98,35.98,42.21,31.58,33.6,33.26,36.68,40.01,51.8,67.32,91.87,86.16,76.88,50.32,50.17,58.64,42.67,88.67,51.95,44.72,44.25,29.7,28.69,26.04
2/14/2016,0,34.89,38.84,35.95,33.49,34.07,32.55,32.21,32.89,30.62,26.9,30.55,29.44,28.48,26.1,26.03,26.39,29.32,38.42,46.24,39.48,32.9,46.11,46.06,35.34
2/13/2016,0,22.48,22.63,21.83,23.14,26.54,23.68,24.91,26.96,31.91,33.6,32.3,31.54,28.76,27.62,27.65,27.82,27.48,35.46,52.68,36.98,42.71,56.83,54.7,40.57
2/12/2016,0,39.94,35.77,36.28,29.84,36.34,43.15,49.22,61.39,33.41,38.92,43.05,32.92,31.35,31.06,30.49,31.64,31.32,33.01,30.1,28.55,28.69,27.66,27.1,23.34
2/11/2016,0,27.14,26.23,33.67,43.71,53.41,52,68.11,40.74,38.1,41.79,61.26,38.03,37.02,31.79,34.54,29.58,28.14,49.53,77.88,46.73,36.63,45.46,42.73,39.9
2/10/2016,0,22.72,22.04,21.94,22.66,26.3,23.44,29.32,27.57,26.58,26.67,27.94,25.02,24.79,28.28,24.73,26.04,24.92,36.14,41.48,30.8,38.27,30.86,26.34,26.58
2/9/2016,0,21.85,21.26,21.14,20.81,21.38,22.45,28.14,29.61,29.66,32.56,31.01,26.95,26.34,25.82,25.21,25.37,26.16,27.54,29.94,33.75,32.43,25.39,22.48,22.55
2/8/2016,0,19.27,17.9,18.18,18.93,17.07,21.4,27.06,25.53,22.88,23.11,22.49,21.95,21.43,21.36,20.97,23,23.46,26.74,26.82,26.73,25.42,22.51,20.08,20.34
2/7/2016,0,19.05,21.42,17.28,20.06,18.67,18.04,20.31,19.2,23.86,23.52,20.97,21.41,20.01,19.31,18.91,20.86,21.91,23.44,24.96,22.97,23.53,21.22,21.29,18.76
2/6/2016,0,22.99,23.02,23.89,22.32,22.87,23.55,26.36,30.84,29.33,25.17,22.35,22.57,20.15,19.92,17.4,18.2,18.74,28.54,30.11,25.28,25.55,25.05,22.06,19.99
2/5/2016,0,19.26,19.02,20.29,19.96,20.35,22.21,42.28,37.68,53.75,41.75,30.36,25.44,24.46,23.04,21.83,21.66,22.63,31.59,37.58,30.9,31.81,39.65,24.89,23.12
2/4/2016,0,16.33,12.36,11.85,13.79,15.25,18.53,24.71,23.75,23.26,23.35,23.92,24.88,27.38,23.89,25.9,24.07,23.97,30.17,27.58,27.94,44.19,26.18,21.25,19.23
2/3/2016,0,16.51,13.94,12.26,10.99,12.27,15.42,23.08,31.53,21.65,22.15,21.46,21.29,20.19,21.16,18.55,20.86,23.71,25.54,24.57,23.36,23.39,23.67,23.67,14.52
2/2/2016,0,15.82,16.64,16.43,16.55,18.44,20.73,32.21,25.08,22.88,20.73,21.9,19.98,19.84,19.26,18.68,17.14,19.95,33.07,24.27,24.57,24.07,19.5,19.94,19.99
2/1/2016,0,15.16,14.34,14.09,13.69,16.98,21.05,29.55,27.55,24.97,23.13,22.39,22.94,23.82,22.05,21.62,21.49,22.02,22.46,33.4,28.38,25.67,22.87,20.39,18.95
1/31/2016,0,17.26,16.39,16.17,15.14,15.99,15.94,17.58,20.55,20.65,18.04,17.44,18.51,18.42,17.23,15.77,15.51,17.79,21.38,22.21,21.41,20.61,17.88,13.72,12.81
1/30/2016,0,24.47,22.78,22.7,24.35,22.57,25.92,33.85,42.67,41.8,24.99,24.33,23.18,20.43,19.49,19.63,19.9,20.87,26.67,26.07,23.58,23.07,21.7,20.72,18.35
1/29/2016,0,20.31,19.44,19.26,20.34,22.07,23.95,39.09,33.61,28.91,27.66,27.33,25.57,25.37,24.58,23.13,23.29,24.35,44.17,47,27.77,27.7,27.55,24.85,22.7
1/28/2016,0,22.07,21.71,21.79,22.63,22.61,26.79,77.26,64.39,35.92,31.7,39.01,25.82,26.86,24.33,23.62,23.29,23.61,27.94,33.42,26.84,27,23.59,20.8,19.05
1/27/2016,0,18.05,18.14,17.46,18.06,20.46,21.94,24.18,26.2,26.57,27.03,27.4,25.37,27.35,26.24,24.57,25.06,22.82,41.76,36.41,39.7,38.2,26.84,23.56,22.56
1/26/2016,0,17.66,18.2,17.8,17.74,19.23,20.44,23.37,23.14,23.82,23.04,22.73,21.63,21,20.54,20.65,18.2,20.63,24.01,23.35,22.5,22.47,20.41,16.38,15.55
1/25/2016,0,23.44,23.47,23.85,24.62,26.28,27.05,30.37,32.21,34.11,29.64,28.95,26.95,26.04,23.8,23.7,23.44,24.42,31.73,28.94,27.92,26.84,22.81,21.17,21.13
1/24/2016,0,28.58,24.99,25.93,25.76,24.82,25.38,26.61,27.25,29.76,29.77,27.5,25.54,24.9,22.74,22.56,22.6,23.94,30.03,30.93,30.65,28.42,26.58,24.82,23.94
1/23/2016,0,31.72,29.16,29.87,35.65,39.67,30.02,29.56,34.41,35.53,60.74,118.84,39.53,49.65,36.74,32.82,41.4,62.38,64.36,44.92,41.64,37.24,36.95,29.91,31.01
1/22/2016,0,26.83,26.95,25.16,26.69,27.03,29.3,33.37,33.13,36.57,40.35,60.06,63.2,49.3,31.42,34.86,47.59,42.65,79.56,45.5,55.11,45.91,34.73,32.06,33.02
1/21/2016,0,23.43,23.77,23.68,23.97,24.16,23.02,27.86,48.7,30.37,34.5,42.37,28.53,27.88,26.96,27.01,26.1,26.02,33.59,33.04,45.44,35.61,31.42,28.59,26.44
1/20/2016,0,41.08,43.85,32.1,33.37,31.36,31.84,44.86,65.1,46.11,54.2,44.29,33.25,31.54,36.78,31.74,29.91,30.02,55.33,45.06,39.8,33.04,32.91,28.87,24.63
1/19/2016,0,45.4,45.63,43.02,39.29,35.76,41.01,57.6,69.81,66.53,54.29,54.68,85.39,47.45,54.31,39.73,35.63,36.05,105.2,55.12,81.72,162.51,106.31,71.48,39.92
1/18/2016,0,21.3,22.83,22.66,24.14,26.05,30.41,30.17,34.24,58.61,73.65,44.66,37.67,36.7,33.58,33.43,35.07,49.12,127.8,179.28,89.14,57.91,63.83,42.54,37.97
1/17/2016,0,21.67,20.36,18.4,18.5,18.44,19.76,21,22.2,24.29,25.63,27.13,26.12,26.48,25.75,24.79,24.69,26.32,28.78,32.37,30.51,30.15,25.88,27.36,22.35
1/16/2016,0,20.05,19.66,18.5,16.45,15.42,19.41,20.47,28.61,25.84,24.7,24.87,23.27,22.79,22.3,23.58,23.5,23.04,27.91,26.78,23.97,24.02,22.27,21.67,19.36
1/15/2016,0,19.59,19.86,19.87,17.85,19.42,19.23,36,33.04,26.36,24.42,23.33,22.56,22.83,22.88,23.16,23.39,24.22,25.5,23.71,23.06,22.81,21.08,19.05,18.64
1/14/2016,0,21.7,21.95,19.88,18.89,19.52,21.25,26.91,28.72,26.5,24.1,22.11,20.76,20.72,19.45,20.46,20.45,22.15,24.3,24.45,22.09,22.32,20.05,15.68,17.85
1/13/2016,0,24.7,24.06,24.61,24.88,25.15,25.88,45.7,49.01,45.9,35.3,33.96,32.5,33.39,32.38,31.99,32.53,47.83,43.3,37.94,44.11,38.78,29.88,23.22,22.81
1/12/2016,0,23.15,22.41,22.05,22.51,21.99,21.96,26.31,25.83,25.81,26.64,26.34,26.99,26.75,27.19,23.45,23.22,24.46,28.02,30.49,29.58,29.4,27.88,24.82,22.24
1/11/2016,0,14.26,22.12,21.53,21.58,23.2,23.1,67.49,66.04,28.95,28.25,26.53,26.53,24.56,23.58,22.74,22.94,23.85,56.16,26.81,28.08,27.95,26.92,27.62,23.27
1/10/2016,0,17.44,15.46,14.24,6.89,13.35,11.92,17.83,18.61,16.9,19.85,19.69,19.41,20.16,19.36,19.67,20.78,22.36,24.2,25.27,25.06,24.96,21.72,19.77,15
1/9/2016,0,20.91,19.79,18.6,16.83,17.45,19.04,19.14,22.18,22.89,23.05,22.91,22.69,21.59,20.84,20.97,20.96,22.23,22.94,21.63,18.42,19.16,18.64,15.08,15.41
1/8/2016,0,16.17,17.95,17.89,18.49,18.19,19.99,23.16,24.57,24.21,26.63,25.92,25.03,24.9,24.09,23.89,24.25,24.13,24.55,24.72,23.31,22.28,19.74,18.07,15.69
1/7/2016,0,22.9,22.89,21.68,23.25,22.74,23.07,24.48,30.43,26.54,30.04,26.6,23.58,23.98,20.77,21.82,22.42,21.52,29.68,25.95,26.24,25.59,23.78,20.99,16.7
1/6/2016,0,29.71,27.57,28.07,28.8,29.84,58,101.47,63.22,66.42,64.4,31.77,29.51,26.09,27.45,25.37,25.15,24.28,31.68,30.36,27.71,28.17,27.89,25.46,25.61
1/5/2016,0,39.22,31.72,36.25,56.86,75.94,104.45,101.76,130.89,42.01,40.17,49.69,45.59,34.39,34.34,28.97,29.88,31.53,47.85,32.57,32.18,34.53,31.28,29.09,36.35
1/4/2016,0,16.71,16.36,14.98,14.57,12.74,17.42,22.03,22.31,22.5,25.09,25.29,23.65,24.77,23.92,24.73,24.7,26.37,30.28,35.2,29.96,33.66,33.58,26.84,25.42
1/3/2016,0,20.46,17,16.54,16.54,17.63,17.69,18.31,20.44,15.59,10.78,14.97,14.01,17.53,18.58,16.05,5.08,16.87,23.34,24.31,25.5,26.58,21.2,17.09,17.42
1/2/2016,0,19.29,17.56,18.36,18.91,17.27,22.55,21.51,22.2,26.97,22.33,20.93,20.31,17.86,14.69,14.41,11.39,15.51,22.51,22.61,22.86,22.06,21.94,20.11,20
1/1/2016,0,19.36,16.44,14.21,14.57,15.1,14.45,15.46,0.94,7.16,17.69,20,20.06,20.6,20.04,17.92,18.21,20.66,24.05,24.02,25.1,22.23,23.47,20.3,18.82
