PUBLISHDATE,VERSION,H1,H2,H2DST,H3,H4,H5,H6,H7,H8,H9,H10,H11,H12,H13,H14,H15,H16,H17,H18,H19,H20,H21,H22,H23,H24
12/31/2016,0,25.22,24.36,,23.98,24.05,24.16,24.93,26.45,28.63,29.71,29.67,28.12,27.56,26,25.24,24.75,24.95,26.18,31.9,31.62,29.72,28.58,27.37,25.78,24.09
12/30/2016,0,23.87,23.21,,22.81,22.95,23.75,25.28,30.02,31.7,31.91,31.95,32.25,30.4,28.81,28.21,27.73,27.79,32.43,44.99,38.5,34.89,32.84,31.55,27.01,25.77
12/29/2016,0,24.05,22.82,,22.7,22.69,23.01,25.05,28.32,31.54,30.5,33.01,31.58,30.36,29.56,28.57,27.91,28.03,30.18,40.26,35.16,34.23,33.57,31.72,27.49,25.16
12/28/2016,0,22.98,22.35,,22.34,22.34,22.64,24.65,28.03,32.36,29.76,31.48,29.77,28.98,28.57,27.76,26.95,26.97,29.59,40.64,36.27,35.67,34.53,29.59,26.89,24.74
12/27/2016,0,21.28,20.3,,20.28,20.18,20.53,21.65,24.52,25.78,26.08,26.45,27.12,27.15,26.19,25.82,25.05,25.36,26.63,33.56,33.43,31.82,29.45,27.23,25.13,23.58
12/26/2016,0,21.41,20.85,,20.81,20.74,20.81,21.43,22.27,24.28,25.71,26.51,27.23,27.13,26,25.07,24.47,24.81,26.26,33.92,28.96,27.35,27.2,25.36,23.36,21.36
12/25/2016,0,21.87,21.32,,21.24,21.04,21.22,21.37,21.85,22.84,23.55,24.74,24.57,24.24,23.79,23.06,22.56,22.66,24.24,29.44,27.68,27.17,27.2,25.33,22.99,21.59
12/24/2016,0,22.76,22.47,,22.35,22.16,22.4,22.65,23.48,24.53,25.72,27.65,28.26,27.89,26.24,25.16,24.21,24.07,25.42,31.28,29.36,27.85,27.14,25.98,24.83,22.8
12/23/2016,0,25.03,24.33,,23.86,23.81,24.67,25.73,30.33,32.79,32.83,33.13,32.84,29.86,28.32,27.47,26.4,26.29,28.48,33.36,31.78,29.89,30.12,28.74,27.3,25.34
12/22/2016,0,25.09,24.23,,23.54,23.59,23.92,24.91,30.68,34.78,31.27,30.59,30.65,29.17,26.8,26.65,26.31,26.43,28.91,40.5,39.93,38.77,35.3,32.38,27.13,25.96
12/21/2016,0,27.65,26.93,,26.58,26.56,27.37,31.48,46.33,51.66,40.66,34.75,32.16,29.23,27.9,27.43,26.7,26.73,28.23,38.02,37.7,37.5,34.6,30.37,26.77,25.62
12/20/2016,0,29.19,28.23,,27.68,27.57,28.95,34.03,51.33,56.64,47.15,40.89,35.8,33,30.36,30.02,28.82,29,32.3,44.83,41.6,39.85,38.67,35.66,30.48,27.7
12/19/2016,0,29.05,29.09,,28.84,29.24,31.38,39.28,54.07,64.83,56.3,51.62,51.12,47.77,42.97,38.97,36.94,36.35,44.51,68.39,64.81,60.55,55.29,52.62,40.81,31.98
12/18/2016,0,22.58,22.33,,21.98,21.77,21.93,22.05,22.3,23.45,24.3,25.31,25.5,25.56,25.61,26.08,26.03,25.98,28.94,39.64,39.67,39.11,38.42,33.73,29.38,26.45
12/17/2016,0,29.15,28.14,,27.59,27.3,27.46,28.31,29.84,31.72,32.72,34.08,31.66,29.27,27.44,26.6,25.82,25.8,27.14,31.1,29.3,28.04,27.48,26.24,25.05,23.57
12/16/2016,0,40.51,39.02,,38.22,38.68,40.63,50.91,76.34,87.36,62.4,56.08,51.82,48.93,42.8,39.33,37.08,36.76,43.35,56.14,56.21,49.9,47.19,39.92,35.13,30.4
12/15/2016,0,27.88,27.02,,26.64,27.15,28.71,34.48,48.6,60.64,51.59,50.59,52.26,50.45,48.99,46.95,45.78,46.72,52.59,79.92,83.57,80.5,78.62,65.33,53.26,45.21
12/14/2016,0,26.48,25.03,,25.07,25.36,26.24,28.93,43.56,49.61,41.94,39.8,38.91,33.93,33.2,32.29,31.7,31.26,33.55,51.35,49.92,48.93,48.63,40.93,32.54,28.57
12/13/2016,0,26.7,26.08,,25.54,25.98,26.73,29.67,45.39,48.91,40.76,39.25,38.18,36.2,33.95,32.49,31.87,31.61,35.31,53.14,47.99,47.57,46.56,41,30.39,27.2
12/12/2016,0,24.78,24.32,,24.03,23.9,24.38,25.24,32.34,34.87,33.32,32.92,33.69,32.83,31.75,30.32,29.61,29.39,31.8,41.81,39.12,38.38,38.47,33.89,28.79,25.56
12/11/2016,0,30.5,28.89,,28.06,28.03,28.23,28.99,29.71,33.62,31.93,30.4,29.87,28.97,27.74,27.01,26.46,26.6,30.33,40.39,36.19,33.76,31.59,30.03,27.61,25.35
12/10/2016,0,30.26,28.78,,28.32,28.46,28.56,30.79,34.06,38.56,39.44,39.75,35.3,31.81,30.2,28.28,27.68,27.82,30.82,45.58,40.98,41.12,40.97,38.64,33.45,30.13
12/9/2016,0,27.61,26.87,,26.13,27.37,28.85,31.27,47.99,54.57,46.77,45.16,42.92,36.77,33.91,32.13,31.55,31.91,34.84,51.48,47.49,46.04,48.76,42.79,34.62,31.23
12/8/2016,0,24.87,23.95,,23.5,23.69,24.42,26.28,38.6,42.06,36.74,35.47,34.31,31.46,29.94,28.98,28.02,28.19,32.35,42.98,41.38,40.99,41.06,35.62,29.71,26.64
12/7/2016,0,24.7,23.85,,23.42,23.43,24.51,26.35,38.63,39.39,35.44,33.77,33.25,30.76,30.12,29.36,28.71,28.79,31.94,44.94,40.59,39.48,39.35,34.19,29.45,26.19
12/6/2016,0,24.24,23.69,,23.45,23.31,24.34,26.45,38.47,39.71,36.27,40.04,40.61,39.13,36.71,34.26,32.03,31.95,36.63,49.03,44.31,39.29,37.57,33.84,27.79,24.82
12/5/2016,0,23.02,22.75,,22.48,22.57,23.07,24.62,37.61,35.64,34.62,34.36,32.95,30.94,29.53,28.71,27.39,27.4,30.42,44.94,40.08,38.17,36.08,31.67,26.25,24.32
12/4/2016,0,24.5,23.76,,23.54,23.44,23.37,24.08,24.87,25.83,27.38,28.17,27.6,27.08,26.44,25.77,25.05,24.83,27.91,43.01,39.56,38.17,37.53,32.16,26.05,24.01
12/3/2016,0,24.62,23.59,,23.19,23.25,23.68,24.63,26.73,31.44,34.68,34.85,31.94,28.42,26.48,25.21,24.91,24.95,28.58,43.54,43.43,42.08,39.96,35.92,28.23,25.36
12/2/2016,0,23.87,22.96,,22.65,23.07,24.5,28.21,43.18,45.16,38.68,37.85,35,31.97,29.69,28.25,26.95,27.13,32.2,49.16,45.6,40.08,39.99,34.58,26.04,23.6
12/1/2016,0,20.18,19.24,,18.33,18.71,20.15,21.74,27.38,28.75,27.84,28.98,27.88,28.07,26.28,25.97,25.21,25.32,31.13,44.12,39.52,38.75,38.63,32.38,24.22,22.62
11/30/2016,0,20.32,19.39,,18.66,18.79,19.79,21.75,28.71,28.02,29.46,31.91,30.88,29.26,27.88,27.21,26.39,26.28,29.23,36.03,33.24,31.91,29.75,25.15,22.07,20.11
11/29/2016,0,20.56,20.12,,18.89,19.25,20.14,21.96,28.28,28.99,29.54,29.71,30.38,30.09,28.38,27.43,26.04,25.89,28.22,36.87,33.43,30.87,30.67,25.31,22,20.58
11/28/2016,0,20.36,19.85,,19.56,19.46,20.64,25.61,41.35,33.85,30.87,29.32,27.88,27,24.82,23.97,23.22,23.15,24.56,35.59,29.51,29.34,27.37,23.7,21.18,19.89
11/27/2016,0,21.23,19.84,,20.02,19.68,20.65,21.15,22.17,23.26,23.84,23.8,23.28,22.6,22.12,21.58,21.42,21.58,22.97,34.71,30.24,29.23,27.87,24.8,22.09,21
11/26/2016,0,21.13,19.95,,19.3,19.18,19.69,20.92,22,22.97,23.91,24.35,24.45,23.37,22.69,22.09,21.83,21.89,22.87,29.87,26.92,26.55,26.17,24.52,22.24,21.49
11/25/2016,0,19.4,18.25,,17.27,17.49,18.75,20.13,22.29,22.42,23.36,23.6,23.55,22.87,22.38,22.15,21.86,21.92,22.76,31.62,25.29,24.38,23.63,22.51,20.94,19.87
11/24/2016,0,21.77,20.84,,19.92,19.69,19.84,20.94,21.41,22.34,23.5,24.53,24.48,23.88,22.77,22.04,21.58,21.4,22,23.9,23.38,22.77,22.73,22.14,21.18,20.05
11/23/2016,0,22.71,22.33,,22.18,22.21,23.07,26.3,37.32,34.65,31.71,31.61,28.53,28.08,25.52,24.97,24.17,24.1,26.02,35.16,30.21,29.4,27.58,24.87,22.91,22.07
11/22/2016,0,22.6,22.36,,22.22,22.27,23.1,28.93,42.59,41.61,34.29,32.74,30.35,28.7,26.74,26,25.31,24.59,27.32,41.97,33.36,33.31,31.26,27.73,23.44,22.82
11/21/2016,0,21.8,21.32,,21.28,21.38,22.4,30.33,45.97,44.42,35.8,34.73,32.44,30.56,26.84,25.9,24.78,24.17,28.23,46.74,39.74,37.32,36.7,30.65,24.03,22.98
11/20/2016,0,20.53,19.96,,19.38,19.42,20.24,21.21,22.22,22.93,23.78,23.69,23.49,22.9,22.61,22.19,22.14,22.23,24.7,41.23,36.03,34.96,32.77,26.99,23.47,22.37
11/19/2016,0,19.78,19.27,,18.07,17.59,19.2,20.32,21.71,22.12,23.02,23.37,23.33,22.84,22.43,22.19,22.03,22.13,24.01,35.43,34.52,32.52,29.02,26.37,22.56,21.35
11/18/2016,0,17.21,16.6,,16.36,16.39,17.22,20.64,27.94,28.8,25.52,25.54,25.52,24.76,24.18,23.86,22.98,22.52,24.63,36.17,27.32,25.5,24.44,22.26,19.42,17.42
11/17/2016,0,19.41,18.89,,17.99,18.01,19.02,22.62,33.62,28.66,26.93,26.06,25.4,24.68,24.49,24.13,23.38,23.02,25.78,39.73,31.13,29.56,26.84,23.95,20.31,19.23
11/16/2016,0,20.53,19.96,,19.42,19.6,20.66,25.26,36.13,36.22,32.25,30.02,29.99,27.62,25.55,24.78,24.02,23.66,26.56,40.47,33.88,32.07,28.49,24.37,20.98,19.79
11/15/2016,0,20.14,19.64,,18.94,19.06,20.72,26.45,39.26,35.56,31.3,29.77,30.76,29.13,27.14,25.47,24.38,23.77,25.52,40.16,35.28,34.12,30.4,26.17,21.53,20.51
11/14/2016,0,19.49,18.72,,18.52,18.89,20.84,26.53,39.74,35.02,30.11,29.39,29.84,26.98,26.64,25.35,24.41,24.08,27.11,40.04,34.71,30.83,28.71,25.88,21.83,20.48
11/13/2016,0,21.19,20.44,,19.83,19.63,20.55,21.72,23.49,24.47,24.68,23.22,22.34,21.36,20.68,20.19,19.48,19.45,21.56,34.7,27.03,25.06,24.32,22.78,20.77,19.27
11/12/2016,0,21.84,21.36,,20.92,20.95,21.2,22.48,25.95,27.51,30.85,29.42,28.24,25.64,24.07,23.14,22.2,22.45,24.3,34.22,32.53,29.99,28.67,25.35,22.74,21.57
11/11/2016,0,19.95,18.59,,17.51,17.54,19.77,21.5,29.99,29.72,27.98,28.01,28.19,27.08,26.36,26.01,24.45,24,25.55,31.68,31.91,30.66,27.95,26.36,22.72,22.08
11/10/2016,0,21.19,20.92,,20.3,20.38,21.07,23.4,37.55,34.7,31.01,30.03,30.59,28,26.46,25.94,24.56,24.15,25.41,36.11,33.61,30.68,28.97,25.81,22.42,21.4
11/9/2016,0,20.26,18.74,,17.92,18.25,20.06,21.75,30.83,28.49,28.25,28.53,29.58,29.58,28.5,28.2,25.62,25.41,28.83,40.32,36.61,32.83,30.1,27.77,22.72,21.68
11/8/2016,0,21.17,20.23,,20.03,20.29,21.35,24.05,36.49,33.27,30.51,29.6,30.24,28.61,27.81,27.29,25.61,25.19,27.69,39.36,36.64,30.86,28.56,25.95,22.33,21.45
11/7/2016,0,19.55,19.18,,18.56,18.81,20.46,22.6,32.85,31.43,28.84,28.87,28.69,26.96,26.38,26.18,25.11,24.49,27.48,40.98,37.39,30.32,28.45,27.03,22.46,21.79
11/6/2016,0,20.43,18.54,19.13,18.12,17.42,18.18,19.72,20.86,21.88,22.88,22.8,22.95,22.8,22.57,22.54,22.36,22.55,24.17,34.54,31.82,27.08,25.57,23.93,21.69,20.97
11/5/2016,0,22,21.41,,20.67,20.27,20.84,21.55,22.93,24.81,25.94,26.11,25.6,24.61,24.14,23.51,23.09,22.95,23.51,24.92,31.76,27.04,25.63,24.01,22.58,21.23
11/4/2016,0,20.46,19.71,,18.71,18.17,19.3,21.18,28.51,29.82,27.31,28.13,29.06,29,27.32,27.22,26.21,25.46,26.06,28.23,31.92,30.38,27.53,26.13,23.25,22.27
11/3/2016,0,20.87,19.98,,19.01,18.88,19.52,21.9,28.29,29.42,27.92,28.41,31.04,31.92,32.41,31.86,30.96,28.86,29.56,30.29,33.48,33.58,31.67,25.7,22.96,21.97
11/2/2016,0,22.02,20.92,,20.32,20.47,21.11,22.79,31.83,32.3,29.68,29.81,31.64,31.51,32.08,32.4,32.85,33.65,33.07,34.04,41.65,36.7,34.33,29.33,23.61,22.96
11/1/2016,0,22.09,21.54,,20.96,21.02,21.39,24.03,36.01,36.36,33.95,33.42,33.63,34.5,34.16,33.91,33.24,33.6,34.05,37.09,41.95,40.51,36.74,29.4,24.74,23.48
10/31/2016,0,19.07,18.64,,17.97,17.34,19.14,21.84,29.84,32.1,31.23,32.35,33.23,33.21,31.01,31.47,29.43,28.73,29.48,29.11,32,32.77,31.35,27.98,23.72,21.78
10/30/2016,0,20.56,19.03,,16.8,16.15,16.44,17.12,18.51,19.85,21.43,23.19,23.81,24.12,24.37,24.91,25.49,25.79,27.65,29.65,35.99,35.1,32.43,27.39,22.91,20.93
10/29/2016,0,21.86,20.74,,19.87,19.48,19.69,20.51,21.79,23.24,24.82,25.81,26.48,26.19,25.7,25.2,25.2,24.84,25.56,27.09,35.11,33.3,28.97,26.66,23.06,20.98
10/28/2016,0,20.97,20.66,,19.74,19.82,20.49,22.32,30.79,33.46,29.78,31.02,30.76,30.62,28.47,28.3,26.53,25.51,25.68,27.02,31.19,30.1,28.6,26.58,23.25,21.55
10/27/2016,0,21.34,21.44,,20.9,20.88,21.61,23.7,35.55,38.33,34.99,35.15,37.23,34.84,33.71,32.2,29.91,28.12,28.91,29.41,36.03,38.29,33.21,27.94,23.47,21.65
10/26/2016,0,22.54,22.28,,21.87,22.03,22.42,26.55,42.66,45.93,38.92,36.03,36.39,32.84,33.05,31.84,30.15,29.01,29.89,29.85,39.11,41.3,36.43,32.97,25.42,22.68
10/25/2016,0,21.11,21.02,,20.77,20.78,21.41,25.35,40.23,42.37,37.32,34.2,35.92,33.46,33.92,32.95,30.53,28.46,29.88,30.14,40.22,43.68,36.74,29.97,25.57,23.13
10/24/2016,0,20.52,20.11,,19.57,19.47,20.16,22.02,34.57,34.87,31.16,32.19,34.87,35.04,34.66,34.08,31.21,29.48,28.55,28.53,37.71,39.25,34.67,29.22,25.16,22.76
10/23/2016,0,21.03,20.07,,19.67,19.6,19.69,20.12,20.7,21.53,22.71,22.94,22.54,22.09,22.29,21.95,21.64,21.48,22.21,22.68,28.35,28.97,26.72,24.46,22.02,21.15
10/22/2016,0,21.88,21.42,,20.61,20.31,20.77,21.47,22.79,24.36,25.76,27.98,28.17,26.13,25.49,25.15,24.45,23.99,24.3,24.94,32.67,33.09,29.46,26.53,23.62,22.27
10/21/2016,0,20.92,20.53,,19.57,19.31,19.96,22.06,32,31.97,30.65,31.38,32.92,31.95,30.13,28.25,27.49,26.32,26.02,26.01,28.9,30.47,27.78,24.87,22.22,20.59
10/20/2016,0,21.45,20.87,,19.84,19.41,19.75,21.8,28.97,28.05,27.94,29.69,32.43,31.77,33.21,34.04,33.6,33,33.54,33.04,36.04,38.48,34.46,28.4,24.19,22.36
10/19/2016,0,21.99,21.47,,20.54,20.02,20.27,22.16,29.34,27.55,27.95,31.06,34.53,36.42,39.28,42.75,46.45,51.24,53.93,45.72,45.56,45.11,39.07,31.2,25.75,23.26
10/18/2016,0,23.97,22.06,,21.15,20.64,21.19,23.34,31.87,32.83,34.69,37.43,40.56,42.3,49.04,52.03,57.94,64.88,71.05,59.41,55.62,55.16,45.84,38.06,31.16,25.36
10/17/2016,0,21.2,20.85,,20.23,20.1,20.64,22.74,34.1,36.04,36.8,37.88,41.97,42.82,49.71,51.49,54.25,54.3,56.13,50.84,54.54,54.73,44.54,37.08,30.99,25.31
10/16/2016,0,21.3,20.89,,20.22,19.85,19.9,20.66,21.12,22.32,23.44,24.99,25.99,26.27,27.11,27.72,28.38,29.2,31.74,31.76,38.62,44.37,37.76,28.98,23.44,22.26
10/15/2016,0,22.81,21.37,,21,20.75,21.12,21.55,23.79,24.5,25.83,29.6,28.75,27.31,27.9,27.49,27.1,26.95,27.84,27.58,33.5,39.51,33.29,29.42,24.51,22.71
10/14/2016,0,21.41,21.24,,20.95,20.91,21.28,23.82,35.24,35.23,35.61,35.38,36.16,35.26,32.33,31.27,29.05,29.27,28.93,27.49,32.91,37.08,31.57,28.24,24.68,23.62
10/13/2016,0,21.15,20.91,,20.39,20.45,20.84,22.2,31.13,32.01,31.71,31.35,31.73,32.65,32.69,33.57,33.5,32.46,31.96,28.78,34.47,35.56,33.23,28.31,24.35,22.53
10/12/2016,0,21.38,21.11,,20.34,20.3,20.7,22.38,33.28,32.41,31.1,30.72,32.6,35.08,35.11,36.77,35.96,35.13,35.14,30.81,34.64,38.15,33.67,28.5,23.78,21.74
10/11/2016,0,21.18,21.34,,20.84,20.79,21.36,23.84,37.46,33.66,30.12,30.78,31.76,32.71,30.5,31.54,32.88,31.63,31.9,29.67,31.94,38.22,30.54,27.92,24.05,21.94
10/10/2016,0,19.49,19.1,,18.68,18.38,19.24,21.51,30.92,28.36,27.36,28.63,29.95,29.46,29.47,29.86,29.14,29.41,29.55,29.14,31.15,36.39,30.46,26.96,22.83,21.48
10/9/2016,0,20.76,20.65,,19.86,18.95,19.08,20.15,20.09,20.6,21.64,23.25,23.46,23.71,23.66,23.35,23.09,22.99,23.84,24.42,26.98,33.38,27.48,25.28,22.08,20.3
10/8/2016,0,22.21,21.45,,20.93,20.83,20.98,21.47,22.91,23.48,25.51,27.86,29.31,29.72,28.83,28.28,27.51,27.25,27.82,27.43,28.27,32.47,29,27.23,23.47,21.2
10/7/2016,0,23.71,22.3,,21.16,21.18,21.93,24.33,33.92,30.7,30.54,32.88,34.17,37.32,36.73,36.58,36.73,37.78,38.03,36.3,33.45,39.27,36.09,30.91,26.28,24.13
10/6/2016,0,20.91,20.56,,19.98,19.44,20.11,22.68,29.6,27.09,26.62,29.09,31.06,34.27,34.67,38.31,37.12,37.06,38.55,36.92,34.95,44.37,38.96,30.5,25.37,22.3
10/5/2016,0,20.44,19.32,,18.53,17.59,18.58,20.81,26.73,25.86,25.28,27.02,28.44,29.65,32.47,34.46,36.65,38.36,38.45,37.56,39.4,44.79,37.68,28.91,23.56,21.92
10/4/2016,0,21,19.92,,19.19,18.66,19.55,22.05,29.11,28.82,27.61,29.94,34.12,37.21,37.06,36.14,35.91,36.1,38.76,34.77,35.58,42.31,34.21,27.93,23.24,21.67
10/3/2016,0,19.88,19.51,,18.68,18.33,19.07,21.46,28.64,27.27,27.02,29.3,31.87,32.34,34.34,35.17,34.07,34.58,35.75,33.94,36.59,42.71,33.85,28.13,23.57,22.24
10/2/2016,0,18.53,17.42,,16.3,14.36,14.71,14.92,16.55,18.15,19.64,21.77,22.84,23.87,24.31,25.1,25.49,25.26,26.76,26.23,28.61,37.65,30.05,25.09,23.02,19.97
10/1/2016,0,18.76,18.82,,17.61,16.7,17.28,17.82,19.6,20.23,21.59,23.6,24.79,25.25,25.8,26.07,26.78,25.77,27.56,26.69,27.34,29.2,27.88,24.47,21.92,20.15
9/30/2016,0,17.28,16.93,,16.04,15.5,16.45,19.31,23.84,25.05,25.11,26.78,27.43,27.89,27.87,28.18,27.73,27.06,27.97,27.34,26.38,28.43,27.2,24.61,21.79,20.57
9/29/2016,0,18.52,17.74,,16.6,16.18,16.85,19.86,25.21,25.75,26.33,27.11,28.25,29.22,29.04,28.96,29.74,29.59,28.8,28.63,26.16,30.53,28.34,24.94,21.91,20.31
9/28/2016,0,18.82,18.53,,17.52,16.52,17.75,20.63,25.52,25.15,25.33,25.98,26.58,27.87,28.7,30.24,29.68,30.52,30.38,29.33,28.32,35.35,31.32,26.74,22.13,20.7
9/27/2016,0,18.57,18.09,,17.24,17.26,17.7,20.75,26.77,25.23,25.33,26.55,27.61,29.44,28.97,29.62,28.71,29.45,29.42,28.91,27.51,33.89,29.75,25.37,22.19,20.76
9/26/2016,0,18.12,17.75,,15.12,13.45,17.02,19.85,24.74,24.2,24.71,26.12,27.33,31.27,31.87,34.21,34.28,34.62,35.96,34.69,31.04,38.79,33.81,26.07,22.26,20.76
9/25/2016,0,18.64,18.21,,16.17,13.09,12.74,13.63,15.12,16.93,18.87,21.31,22.34,23.82,24.59,25.39,24.95,26.99,31.03,32.78,27.4,33.29,30.87,25.08,21.82,20.27
9/24/2016,0,21.94,20.65,,19.51,18.54,18.49,19.21,20.39,20.85,22.02,23.77,25.92,28.65,31.7,33.96,35.82,41.39,44.15,37.94,31.2,35.87,31.01,25.01,21.9,21.16
9/23/2016,0,20.51,19.32,,18.24,17.45,18.06,20.03,25.08,24.53,24.89,26.82,30.66,37.73,41.89,46.9,52.72,65.21,69.49,51.89,41.81,41.34,38.4,31.06,24.83,23.75
9/22/2016,0,21.3,19.76,,18.81,17.65,18.46,21.03,26.09,25.15,26.24,28.19,31.74,38.1,45.69,50.53,54.88,64.1,70.1,59.52,47.96,48.13,43.94,34.6,26.55,23.75
9/21/2016,0,21.48,19.55,,18.38,16.76,17.93,20.67,25.32,24.98,25.15,28.06,31.18,37.14,41.74,48.88,51.74,59.7,67.01,57.65,47.85,47.85,43.63,32.2,24.89,22.88
9/20/2016,0,22.63,21.61,,20.14,19.22,19.78,22.78,31.38,28.14,30.65,36.8,40.77,45.11,50.59,55.89,64.48,81.04,91.63,78.56,52.59,54.87,48.31,39.58,29.38,24.09
9/19/2016,0,22.18,21.02,,19.81,19.12,19.39,21.24,25.33,24.59,26.74,30.4,34.41,38.12,43.72,45.87,47.14,56.83,62.03,54.28,42.12,44.05,42.18,31.81,24.83,22.99
9/18/2016,0,20.72,20.56,,18.68,17.56,16.26,17.22,17.88,18.96,21.49,23.52,24.59,27.83,32.89,36.94,39.33,44.66,47.98,44.2,37.4,44.15,40.84,30.05,24.03,22.34
9/17/2016,0,19.61,19.25,,18.12,16.69,16.07,17.25,18.51,18.75,20.32,22.98,24.57,26.43,29.42,32.34,34.04,35.78,37.39,34.72,30.45,33.38,31.69,26.02,22.13,20.16
9/16/2016,0,19.42,18.27,,17.16,15.77,17.6,20.05,22.94,23.04,23.66,25.18,26.79,31.45,34.67,36.93,37.11,43.11,45.03,40.97,34.06,34.09,34.4,26.09,23.23,21.89
9/15/2016,0,20.02,18.28,,16.61,14.37,16.28,19.43,23.24,23.03,23.78,25.37,27.25,30.23,32.52,35.7,37.32,44.83,47.6,43.47,32.46,32.79,31.99,25.31,22.49,20.47
9/14/2016,0,21.68,19.74,,18.11,17.01,17.68,21.13,24.89,24.54,25.37,27.91,31.86,35.54,44.51,53.07,59.85,70.98,75.83,63.2,45.62,43.29,39.74,31.27,25.53,22.97
9/13/2016,0,18.37,16.07,,13.47,12.8,14.23,18.85,23.12,22.56,23.27,25.7,28.05,32.14,36.72,39.49,45.82,50.23,57.91,50.01,40.55,41.47,39.04,29.67,24.94,21.91
9/12/2016,0,18.72,16.93,,15.55,13.57,14.96,19.06,23.31,22.4,23.09,24.75,26.47,29.56,31.53,34.62,34.99,38.7,42.18,39.62,34.85,35.8,36.07,26.53,22.41,20.85
9/11/2016,0,22.24,21.24,,19.64,18.57,17.31,17.82,18.14,18.97,21.06,23.08,24.23,25.26,26.37,30.26,29.75,31.3,32.14,31.32,26.44,27.86,26.35,23.51,22.27,20.93
9/10/2016,0,23.28,22.24,,21.27,19.76,19.05,19.64,20.95,21.47,22.91,25.17,28.74,34.47,37.97,44.04,51.11,54.37,56.62,50.74,36.62,33.22,32.72,26.98,24.18,22.65
9/9/2016,0,23.03,22.25,,21.44,20.37,20.69,22,24.23,24.93,25.92,29.85,33.74,37.94,43.58,53.44,63.73,71.6,73.57,59.23,42.33,37.45,35.6,32.18,26.79,24.09
9/8/2016,0,22.83,21.65,,19.65,18.37,18.76,21.64,24.61,24.31,25.53,29.51,36.17,41.1,49.67,62.23,87.82,103.99,109.5,84.26,54.04,46.43,43.95,36.85,28.15,24.41
9/7/2016,0,22.07,21.08,,18.8,16.15,16.77,21.03,23.61,23.84,25.1,28.64,34.28,38.47,44.27,49.15,56.55,62.43,68.12,54.65,44.44,43.82,41.84,34.76,27.33,23.7
9/6/2016,0,19.39,17.51,,13.56,11.99,12.48,17.4,21.14,21.63,22.75,25.51,29.89,35.87,39.73,46.19,49.06,57.07,64.43,53.4,45.11,43.13,43.67,32.78,25.68,22.82
9/5/2016,0,13.69,12.22,,10.58,9.32,9.2,9.13,10.35,13.29,18.2,20.27,22.08,23.37,25.69,28.61,33.11,34.47,39.01,39.16,34.75,34.08,32.61,24.38,21.89,19.74
9/4/2016,0,12.92,12.05,,10.94,7.81,3.39,3.15,2.27,7.96,13.05,16.6,19.93,20.98,22.25,22.51,22.76,22.76,23.07,23.35,23.56,23.68,23.69,22.16,19.85,14.29
9/3/2016,0,13.85,13.05,,11.81,10.44,9.62,10.45,11.43,13.26,17.78,20.41,21.8,22.85,23.61,23.86,23.91,23.86,24.12,24.02,23.75,23.66,23.93,22.4,19.48,15.75
9/2/2016,0,18.22,17.99,,14.86,13.27,13.47,18,20.9,21.25,22.48,23.88,25.47,27.33,28.77,31.62,33.11,34.32,34.86,32.39,28.12,26.35,26.89,23.78,21.76,19.33
9/1/2016,0,20.62,19.39,,17.48,17.06,17.53,19.93,22.47,22.2,23.3,24.49,26.36,28.5,30.99,35.91,36.86,38.74,39.24,36.11,30.77,28.35,28.32,24.69,22.21,20.45
8/31/2016,0,21.62,19.28,,17.77,16.2,16.74,19.42,21.69,22.47,23,24.62,29.22,33.6,37.64,42.69,47.23,50.57,51.58,44.55,36.78,32.88,32.7,27.3,23.66,21.9
8/30/2016,0,21.22,19.95,,17.98,15.66,16.98,19.11,21.5,22.42,23.48,24.98,29.28,33.3,36.96,41.32,47.27,49.9,55.21,46.71,37.93,36.23,34.86,29.72,24.19,22.48
8/29/2016,0,20.99,19.36,,17.82,15.24,17.05,19.05,20.69,22.07,23.98,27.47,31.11,37.85,42.16,52.32,58.62,68.99,77.74,62.61,49.55,39.1,38.55,31.48,25.03,22.75
8/28/2016,0,20.84,20.13,,18.55,15.77,14.76,14.42,13.87,15.2,20.54,22.68,24.65,27.72,32.33,38.02,40.86,45.47,48.9,46.12,39.91,33.42,34.4,28.36,23.97,22.32
8/27/2016,0,22.31,20.93,,19.75,18.04,16.66,17.49,17.93,19.14,22.11,24.5,27.88,33.78,38.9,41.69,48.22,50.65,55.76,48.08,39.85,34.28,32.85,27.76,23.79,22.42
8/26/2016,0,22.78,21.67,,20.53,19.42,19.66,21.29,22.16,23.26,25.21,30.2,37.25,42.91,47.29,55.41,62.44,69.78,75.68,61.13,49.52,42.37,42.87,35.84,27.49,23.69
8/25/2016,0,20.75,18.47,,16.16,14.13,15.39,18,20.21,21.3,22.82,25.11,28.37,33.38,37.61,41.68,46.28,49.71,54.89,48.5,40.83,37.24,40.05,31.6,25.08,22.95
8/24/2016,0,16.67,15.02,,12.46,9.99,11.91,15.67,19.39,20.76,21.5,22.89,24.81,27.18,31.86,35.91,39.31,44.27,47.31,43.98,36.59,33.01,35.07,27.76,23.33,21.74
8/23/2016,0,16.36,14.42,,12.05,10.03,10.73,14.47,18.39,20.13,21.09,22.8,24.57,27.23,28.47,33.61,34.4,36.87,41.7,37.46,32.91,28.32,30.36,25.05,22.56,20.26
8/22/2016,0,18.87,16.64,,14.84,13.68,14.34,17.2,20.03,21.13,22.34,24.06,26,27.62,30.54,31.74,34.94,37.65,42.15,37,31.52,28.04,28.27,25.07,22.35,20.41
8/21/2016,0,21.27,19.6,,17.27,15.71,14.53,14.64,15.16,16.56,19.75,22.29,23.92,25.98,28.34,30.21,31.44,31.72,33.83,33.25,29.76,27.54,29.23,25.92,22.79,21.38
8/20/2016,0,22.4,21.35,,20.26,17.77,17.09,18.07,18.47,20.24,22.45,24.31,27.1,32.06,33.91,37.25,40.81,42.01,43.54,39.95,34.43,30.75,30.22,27.46,23.75,22.21
8/19/2016,0,22.36,21.14,,19.11,18.41,18.61,19.6,21.45,22.67,24.28,27.55,32.02,35.74,38.25,43.46,47.17,47.32,51.36,44.94,39.67,35.26,35.78,31.5,25.02,23.07
8/18/2016,0,22.95,22.04,,21.12,19.94,19.87,21.31,23.01,23.89,25.96,30.45,36.05,41.02,43.23,46.43,50.71,50.04,53.75,49.07,46.63,41.03,40.91,35.7,28.31,24.31
8/17/2016,0,23.54,22.56,,21.93,21.49,21.44,22.07,23.27,24.45,26.06,30.86,36.17,40.06,43.46,46.78,49.42,49.24,51.61,46.62,41.59,36.73,37.69,34.45,27.12,24.05
8/16/2016,0,23.14,21.98,,21.09,20.01,19.99,21.13,22.29,23.35,26.26,30.32,34.62,41.69,47.49,54.03,63.91,65.09,72.03,60.66,50.81,40.39,41.96,35.58,28.14,24.24
8/15/2016,0,24.22,22.54,,21.81,21.11,21.17,21.79,22.73,25.62,28.38,33.74,41.14,48.68,55.9,69.37,75.02,79.56,83.74,74.51,55.48,43.63,45.18,38.32,29.66,25.55
8/14/2016,0,23.53,22.52,,21.7,20.62,19.64,19.44,19.4,20.57,22.34,25.52,30.05,33.95,39.43,43.76,48.09,52.1,58.83,52.85,42.71,35.9,38,32.93,28.01,24.14
8/13/2016,0,25.04,23.17,,22.15,21.47,21.08,21.21,21.18,22.22,24.54,30.35,35.16,44.58,53.95,58.43,62.83,68.8,70.43,59.88,53.42,43.91,39.38,35.3,29.57,24.91
8/12/2016,0,24.45,23.09,,22.32,21.97,21.95,22.47,23.87,26.68,31.5,38.06,45.07,55.13,70.6,95.55,114.51,115.96,117.08,104.77,71.47,54.64,49.9,41.24,34.66,26.62
8/11/2016,0,23.23,22.4,,21.4,20.64,20.68,21.72,22.7,24.01,26.3,32.29,37.45,43.79,49.24,51.7,56.17,56.82,66.02,55.71,48.06,44.46,46.79,37.74,29.95,25.33
8/10/2016,0,22.48,21.29,,20.26,19.56,19.92,20.85,22.2,23.02,24.69,29.74,35.04,39.47,44.09,47.05,51.7,54.49,61.57,53.43,46.71,41.92,44.32,36.95,29.72,24.61
8/9/2016,0,20.53,19.27,,17.7,16.36,17.03,19.16,20.9,22.07,23.66,25.83,31.01,35.28,37.75,40.91,43.58,45.18,50.92,46.95,41.87,37.71,36.89,33.79,26.6,23.62
8/8/2016,0,19.4,17.72,,15.63,13.9,14.06,16.74,18.51,20.54,22.1,23.64,27.19,28.73,32.4,35.82,36.95,39.52,42.79,39.87,35.47,30.75,30.62,26.32,22.91,21.48
8/7/2016,0,21.08,19.88,,17.69,15.9,13.63,13.12,12.22,13.99,20.02,20.97,22.57,24.26,25.2,27.45,31.18,31.9,34.64,35.2,32.43,27.12,26.21,24.59,22.79,21.22
8/6/2016,0,22.09,20.78,,19.26,17.73,17.13,17.52,17.59,19.79,22.07,23.75,25.67,31.79,34.41,36,39.74,39.68,42.15,38.68,35.32,30.1,29.54,26.58,23.89,22.02
8/5/2016,0,22.05,20.29,,18.55,17.15,17.74,19.48,21.36,22.44,23.96,26.15,31.09,34.67,38.88,41.95,43.75,45.12,48.54,44.04,39.34,34.37,35.21,30.25,25.17,23
8/4/2016,0,21.89,19.66,,18.13,16.4,17.4,19.22,21.71,23.08,24.44,27.46,31.54,35.21,37.44,39.75,43.07,46.5,48.14,45.89,40.37,36.23,37.53,32.6,25.34,22.84
8/3/2016,0,22.22,21.32,,20.56,19.4,19.55,20.9,22.19,23.22,24.61,27.49,32.84,35.67,38.95,41.21,44.48,45.23,47.93,46.35,40.79,37.14,37.11,33.77,25.44,23.17
8/2/2016,0,22.38,21.26,,19.48,17.86,18.54,20.72,22.04,23.45,24.66,27.38,32.42,35.81,38.03,42.07,44.53,46.71,51.48,48.43,43.45,39.08,36.68,33.03,25.39,23.33
8/1/2016,0,22.1,21.35,,20.33,19.58,19.85,21,22.3,23.29,25.39,29.67,34.94,38.6,42.22,45.04,49.93,50.07,57.24,48.05,43.81,41.15,41.02,34.72,27.28,23.37
7/31/2016,0,22.04,20.79,,17.2,16.62,15.24,14.32,14.15,16.4,21.76,23.67,24.98,27.04,29.69,32.42,33.87,35.4,37.45,37.65,35.73,32.52,30.9,27.9,24.31,23.07
7/30/2016,0,23.06,21.82,,20.06,18.73,18.63,19.1,18.77,21.13,23.14,24.86,27.69,30.75,34.2,36.38,37.14,37.46,36.83,37.68,34.96,30.18,29.03,26.95,24.49,23.06
7/29/2016,0,23.15,22.14,,21.17,20.2,20.36,21.41,22.87,23.93,25.44,29,33.95,35.73,37.85,38.87,39.22,41.62,43.62,39.85,36.81,33.78,31.77,29.19,24.51,23.3
7/28/2016,0,23.63,22.39,,21.43,20.08,20.17,21.72,23.37,24.96,27.7,31.36,37.12,41.14,45.33,50.24,54.11,56.9,62.55,53.71,47.55,41.82,37.86,35.39,28.29,24.62
7/27/2016,0,23.15,21.64,,20.54,19.35,19.41,20.63,22.38,23.15,24.81,29.32,33.81,37.02,41.48,46.49,52.51,58.59,68.49,62.29,50.09,43.13,37.6,34.58,29.31,25.27
7/26/2016,0,23.72,22.57,,21.24,20.33,20.31,21.54,23.21,25.06,28.71,34.53,40.59,47.03,56.17,62.93,80.79,90.2,100.3,85.2,66.8,52.13,46.63,40.59,32.78,26.61
7/25/2016,0,23.45,22.13,,20.88,19.79,19.97,21.22,22.64,24.5,27.76,32.69,39.24,48.85,62.39,79.72,92.99,100.93,107.97,88.26,64.72,51.59,44.89,39.07,30.86,26.57
7/24/2016,0,23.6,22.05,,20.74,19.37,18.06,17.06,16.6,18.92,22.81,25.16,28.93,31.76,37.95,39.87,44,50.33,56.36,53.69,47.93,43.03,39.66,37.14,29.62,25.94
7/23/2016,0,24.41,22.84,,21.34,20.21,19.71,19.79,20.14,21.83,24.68,27.12,33.62,36.08,43.76,45.39,51.17,60.72,63.55,55.17,45.07,42.04,37.67,34.81,29.1,25.54
7/22/2016,0,23.9,22.46,,20.7,19.73,19.57,20.58,22.64,24.54,29.1,35.98,39.12,48.36,55.63,66.47,82.52,98.73,107.47,93.61,68.59,50.36,48.87,40.95,36.59,28.32
7/21/2016,0,22.47,21.38,,19.26,17.37,17.65,19.93,22.21,23.91,26.96,33.88,38.95,42.61,51.52,50.02,56.28,65.66,76.46,69.87,54.41,47.65,48.47,42,34.78,27.06
7/20/2016,0,22.12,21.27,,18.66,16.99,17.74,19.81,21.7,23.14,24.97,28.12,34.28,35.56,39.46,41.94,44.72,48.28,53.61,49.14,42.51,39.69,36.68,33.57,26.8,23.61
7/19/2016,0,23.05,22.36,,21.38,20.47,20.63,21.58,22.6,23.79,25.25,28.75,33.63,37.03,39.74,43.29,46,49.77,52.35,49.33,41.8,38.67,36.42,33.72,25.9,23.54
7/18/2016,0,21.85,21.54,,20.67,18.93,19.25,20.69,21.36,23.33,26.65,32.56,38.77,43.73,51.48,61.27,67.17,74.08,81.77,67.49,55.33,48.87,46.9,40.2,32.06,25.66
7/17/2016,0,20.15,19.3,,16.43,14.32,12.48,11.41,9.86,14.72,19.29,22.31,23.96,25.67,28.62,31.03,34.11,36.85,39.69,43.43,38.97,38.17,35.8,31.32,25.71,23.46
7/16/2016,0,22.33,21.71,,20.84,19.15,18.07,18.1,18.79,20.86,22.81,24.49,26.59,30.16,32.05,35.03,36.05,37.52,42.53,42.53,36.08,31.49,29.79,28.3,24.33,22.8
7/15/2016,0,23.11,22.02,,20.88,19.9,19.84,20.66,22.08,23.17,25.49,28.81,34.9,38.64,42.75,47.89,50.5,52.22,56.62,51.34,42.58,36.68,35.07,32.31,25.87,23.77
7/14/2016,0,22.76,21.77,,20.4,19.08,19.11,20.82,21.94,23.64,26.43,31.64,37.38,42.4,50.75,59.36,68.13,74.43,84.24,68.37,56.23,44.74,41.56,37.68,29.23,24.95
7/13/2016,0,22.82,22.14,,20.88,19.8,19.99,21.52,22.36,23.45,25.61,27.67,32.75,35.43,39.43,43.15,43.43,44.54,50.46,48.21,43.3,39.77,36.69,32.83,27.05,24.38
7/12/2016,0,21.47,20.43,,18.78,17.51,17.7,19.43,21.06,22.93,24.81,27.25,30.7,33.38,38.6,42.04,43.67,44.37,51.66,46.84,41.97,39.58,36.69,32.98,26.25,23.85
7/11/2016,0,18.47,18.02,,16.3,14.76,15.51,17.63,18.55,21.35,23.56,25.32,27.63,30.71,35.47,39.81,44.71,47.76,53.74,51.78,43.78,39.61,35.86,31.46,25.37,23.35
7/10/2016,0,18.7,18.25,,16.51,14.43,12.49,10.38,9.38,13.88,18.45,20.79,23.08,24.05,25.01,26.72,28.33,28.91,33.07,32.75,30.82,28.33,26.94,25.46,23.18,21.5
7/9/2016,0,22.57,21.7,,19.7,18.07,17.64,17.91,18.07,20.11,23.06,24.52,26.77,28.87,30.1,32.31,35.45,34.35,39.58,36.8,33.26,29.08,27.18,26.35,24.23,22.84
7/8/2016,0,24.19,22.63,,21.32,20.38,20.4,21.64,22.99,25.09,27.36,32.54,38.99,43.98,50.48,62.77,72.14,82.89,87.67,74.1,52.73,41.97,37.66,35.5,29.74,24.98
7/7/2016,0,22.82,21.75,,20.3,19.45,19.53,20.69,22.26,24.43,26.71,32.04,35.3,40.8,48.61,59.46,71.89,81.76,93.84,85.39,57.58,47.3,45.13,38.86,31.6,25.19
7/6/2016,0,21.98,20.42,,19.01,17.22,17.48,19.28,21.38,22.96,24.92,28.98,33.85,39.43,44.35,48.57,51.11,55.24,63.5,55.71,46.33,42.4,41.85,39.4,29.16,24.72
7/5/2016,0,18.01,17,,16.62,15.46,15.83,17.13,18.8,20.77,22.78,24.92,27.4,29.66,32.57,37.8,39.89,43.83,52.33,49.45,38.16,35.15,34.15,30.99,25.27,22.72
7/4/2016,0,15.46,13.66,,12.27,8.53,7.21,6.51,6.21,12.78,16.89,20.07,21.96,23,23.66,24.19,24.35,24.47,24.44,24.46,24.29,24.46,24.14,24.04,22.16,19.03
7/3/2016,0,16.78,15,,13.28,11.36,9.21,6.83,6.33,11.92,15.96,19.82,21.73,22.81,23.43,23.6,23.64,24.11,24.34,24.35,24.32,24.18,23.56,23.68,22.25,18.58
7/2/2016,0,18.35,17.86,,15.87,14.16,12.91,13.46,13.37,16.65,19.73,22.47,23.37,24.75,25.4,26.18,26.84,27.42,28.13,28.21,27.35,26.15,25.32,24.56,22.31,18.62
7/1/2016,0,20.64,19.12,,17.51,16.09,16.67,18.43,20.03,21.56,23.25,24.76,26.66,29.96,30.6,34.86,36.84,38.39,43.19,38.03,31.62,28.77,26.65,26.49,23.87,22.08
6/30/2016,0,20.88,19.29,,17.49,15.25,15.98,18.23,19.88,22.1,23.48,24.83,27.57,30.74,33.6,36.99,39.94,41.71,48.13,42.26,38.21,33.99,31.22,29.98,24.64,22.27
6/29/2016,0,20.62,18.92,,16.97,15.3,15.98,18.13,20.19,22.14,23.31,24.9,26.97,28.97,31.76,36.09,36.79,39.69,42.26,39.5,36.54,31.75,28.84,27.59,24.39,21.5
6/28/2016,0,21.98,20.32,,19.17,17.21,17.41,19.3,20.92,22.39,23.54,24.82,27.18,30.2,32.29,34.24,36.42,37.92,40.07,36.49,31.58,29.63,28.38,28.14,23.74,21.82
6/27/2016,0,21.63,19.83,,17.74,16.95,16.96,18.72,20.43,22.45,23.64,26.55,29.93,33.76,34.62,41.71,44.07,49.22,54.65,49.69,38.37,34.53,35.01,33.14,26.92,23.07
6/26/2016,0,20.88,19.75,,17.47,15.05,14.15,10.44,4.7,16.61,20.4,22.56,23.98,25.76,28.56,33.2,36.53,37.73,44.27,46.61,37.55,35.56,36.27,33.32,24.65,22.65
6/25/2016,0,19.93,18.89,,17.1,14.97,14.41,14.36,13.62,17.99,20.72,22.84,24.45,26.26,28.86,31.95,32.57,34.91,43.82,44.23,33.92,33.78,30.78,28.88,23.69,21.71
6/24/2016,0,21.06,19.53,,17.58,16.08,16.61,18.89,19.84,22.28,23.11,24.46,26.23,29.4,32.92,36.04,37.51,40.2,43.58,38.41,35.19,30.43,27.61,26.12,23.37,21.74
6/23/2016,0,20.18,19.05,,17.37,16.16,16.56,18.2,19.74,20.65,22.16,23.47,24.7,26.23,29.51,31.02,33.17,35.71,38.18,33.68,30.19,27.66,27.27,25.4,22.82,20.84
6/22/2016,0,21.4,19.94,,18.94,17.33,17.48,19.35,20.34,22.33,22.86,24.61,27.37,30.6,32.96,35.99,38.01,41.25,48.21,42.28,37.15,34.02,31.84,30.43,24.2,22.06
6/21/2016,0,21.15,19.76,,18,16.85,16.99,18.1,20.64,22.26,23.58,25.65,30.33,33.79,34.54,36.16,39.81,44.61,49.64,42.36,35.96,33.29,31.7,30.87,24.6,22.32
6/20/2016,0,17.61,16.35,,13.77,10.71,10.28,13.97,16.4,21.81,23.37,26.47,29.8,34.4,38.26,44.72,48.26,59.92,72.13,64.55,46.21,38.71,36.54,34.39,26.97,22.76
6/19/2016,0,17.33,17.35,,15.28,12.25,11.2,8.51,4.07,15.79,18.56,21,22.79,24.23,26.6,31.84,34.71,36.15,41.48,45.81,35.52,33.83,31.33,30.95,23.86,20.8
6/18/2016,0,17.56,17.05,,15.35,12.72,12.03,11.82,11.48,17.21,20.3,22.32,23.46,24.06,25.52,29.16,31.54,33.81,37.57,39.5,32.5,27.95,25.59,24.71,22.27,18.91
6/17/2016,0,19.7,19.01,,17.21,15.68,16.57,18,19.4,22.32,23.62,24.51,26.18,27.34,29.41,30.36,31.25,31.67,33.03,31.52,29.36,26.21,26.03,25.16,22.11,18.79
6/16/2016,0,20.46,19.12,,18.16,16.61,17.42,19.32,20.51,22.44,23.69,25.76,28.13,32.02,33.59,33.23,34.22,37.38,39.14,34.23,32.75,30.45,28.85,27.62,23.21,20.9
6/15/2016,0,18.71,17.08,,15.81,13.94,14.43,17.12,19.25,22.04,23.14,24.65,27.42,30.2,32.75,35.3,39.28,42.17,49.83,44.27,37.14,32.92,32.68,31.87,24.64,22.28
6/14/2016,0,15.59,14.34,,13.86,11.12,13.17,15.27,18.59,21.53,22.39,23.38,25.01,26.91,31.02,32.74,33.64,36.14,43.17,38.46,34.28,32.13,30.9,28.83,23.02,20.27
6/13/2016,0,14.55,12.87,,10.6,7.19,10.76,14.39,17.75,20.12,21.47,22.84,24.61,25.92,27.53,29.72,30.89,33.66,38.65,35.81,30.95,29.62,28.34,26.65,22.81,19.68
6/12/2016,0,19.75,18.41,,16.71,14.23,11.28,11.11,11.04,16.76,20.14,22.8,24.35,25.42,27.57,28.12,28.89,29.42,30.73,31.07,27.85,25.47,25.42,24.57,20.78,18.63
6/11/2016,0,17.02,15.33,,13.5,11.14,10.3,11.5,12.59,17.7,20.57,23.33,26.84,29.14,36.39,38.81,39.15,43.87,49.61,46.97,39.6,34.98,35.04,31.2,25.01,21.5
6/10/2016,0,15.1,13.04,,10.75,5.53,10.88,14.31,17.15,20.56,21.97,23.41,24.79,26.01,28.79,31.83,33.78,36.75,42.21,38.52,33.51,29.71,29.93,26.96,22.45,19.27
6/9/2016,0,14.84,14.32,,13.4,11.84,14.03,16.42,19.19,20.38,21.9,22.5,23.68,24.59,25.41,28.13,29.73,30.97,32.38,33.15,30.01,25.63,27.18,26.43,21.05,19.37
6/8/2016,0,16.42,15.14,,13.94,12.34,14.04,16.6,19.47,21.65,22.75,24.04,25.23,25.29,25.72,26.36,26.33,25.99,25.94,25.76,26.01,24.64,25.41,24.93,20.33,17.12
6/7/2016,0,18.14,16.22,,14.55,13.62,14.24,16.78,19.91,22.73,23.87,25.55,27.57,28.39,29.86,33.12,33.39,35.85,34.97,31.83,28.35,26.89,27.21,26.19,21.72,18.1
6/6/2016,0,15.39,14.78,,12.92,10.73,12.7,14.87,18.05,21.86,23.37,26.25,29.43,31.74,33.35,34.13,35.71,38.62,41.38,41.51,33.8,30.47,30.85,30.47,22.88,20.15
6/5/2016,0,18.26,17.2,,15.09,12.98,11.7,11.41,8.59,16.35,19.18,20.75,23.02,23.82,25.28,26.19,26.61,26.3,26.12,26.68,25.12,24.21,25.47,25.42,20.73,18.15
6/4/2016,0,18.71,15.72,,14.18,11.17,10.67,10.61,10.03,16.6,20.66,23.08,25.44,27.04,29.18,31.53,31.75,33.21,34.63,33.92,30.29,27.12,27.9,26.65,22.81,19.53
6/3/2016,0,19.15,17.29,,15.65,14.09,14.99,18.37,20.03,23.24,24.51,26.86,29.84,31.21,33.12,38.95,41.16,43.32,40.88,37.81,33.05,29.48,29.67,29.48,23.92,19.63
6/2/2016,0,18.45,16.82,,15.04,12.78,14.42,17.59,19.86,22.82,24.21,25.97,27.88,29.37,29.56,31.8,32.78,38.54,39.41,34.07,30.16,29.09,28.47,27.15,23.19,18.88
6/1/2016,0,17.89,15.16,,12.95,10.27,11.43,15.05,16.64,20.8,22.96,24.05,25.83,28.78,29.89,30.63,32.52,37.12,39.84,35.88,30.97,29.42,29.14,27.08,22.57,18.29
5/31/2016,0,16.6,15.45,,12.62,11.07,12.23,15.1,17.78,21.42,22.99,24.29,25.76,29.13,32.87,33.04,33.49,38.65,47.53,38.34,30.19,28.54,28.36,27.19,21.87,18.95
5/30/2016,0,16.75,14.84,,13.51,11.03,9.85,9.89,11.16,13.87,16.86,20.35,22.03,23.05,23.7,24.32,24.35,24.75,24.99,25.9,24.49,23.9,25.41,25.09,20.62,18.62
5/29/2016,0,17.78,16.43,,14.42,11.71,10.44,8.74,8.02,14.03,17.12,21.03,22.32,24.17,25.07,26.54,26.95,26.8,27.49,27.67,25.86,24.82,26.87,25.76,21.77,19.35
5/28/2016,0,19.18,17.15,,15.93,12.96,12.66,13.1,13.71,16.41,20.25,22.69,24.95,26.44,27.77,30.06,34.45,35.81,38.13,34.48,28.9,26.42,27,26.14,22.54,19.89
5/27/2016,0,19.07,15.94,,14.33,12.05,12.46,16.12,20.06,22.74,23.69,25.85,29.27,34.39,39.83,47.47,49.09,52.23,54.35,48.31,34.83,28.88,31.95,26.64,23.44,21.31
5/26/2016,0,18.16,15.44,,12.75,11.41,12.86,16.25,21.5,23.05,23.76,25.19,28.39,31.27,36.24,40.12,47.44,55.63,62.14,53,36.79,33.38,36.29,31.97,24.81,22.56
5/25/2016,0,16.88,15.83,,12.76,11.91,12.53,16.51,20.57,23.06,23.97,26.2,28.37,30.82,33.07,33.84,36.27,45.3,47.61,41.77,33.47,28.83,32.97,29.27,23.18,19.65
5/24/2016,0,14.46,12.68,,11.19,11.15,12.4,16.68,21.61,23.91,25.32,25.35,25.85,26.46,28.07,28.23,29.27,32,33.65,31.86,28.39,25.83,28.01,26.91,22.92,18.73
5/23/2016,0,12.36,12.55,,10.83,10.45,11.99,15.71,21.63,22.57,23.36,24.08,24.4,24.43,25.02,24.54,24.51,24.35,24.92,24.79,24.62,23.59,25.15,23.89,18.83,15.28
5/22/2016,0,13.6,13.27,,11.48,10.28,11.2,11.55,11.01,14.46,19.03,19.69,20.24,20.15,20.5,19.96,19.36,19.7,20.87,21.37,21.57,21.52,23.26,23.03,17.8,14.24
5/21/2016,0,13.91,13.44,,12.54,11.7,12.17,13.09,13.57,17.58,21.85,22.95,23.11,23.21,23.09,22.62,22.03,22.06,22.87,22.76,22.52,22.21,23.24,23.11,19.9,15.32
5/20/2016,0,14.43,14.16,,12.15,12.3,14.19,16.7,23.19,24.63,24.42,25.38,26.18,27.37,28.22,29.44,27.27,26.54,26.69,26.34,24.2,23.15,23.88,23.79,19.46,15.64
5/19/2016,0,15.14,14.78,,12.64,12.7,14.79,18.58,25.68,26.21,25.28,25.58,26.03,26.79,26.72,26.66,26.42,25.36,25.39,25.41,24.48,23.7,28.28,25.86,20.62,16.57
5/18/2016,0,16.54,15.99,,14.44,14.49,15.58,19.64,26.39,25.77,25.19,25.56,25.39,25.15,25.66,25.08,24.64,24.53,24.32,24.27,23.9,22.74,26.91,25.23,19.51,16.8
5/17/2016,0,16.49,15.66,,14.08,14.59,15.84,19.26,26.08,26.56,26.48,27.17,27.91,28.94,29.31,28.28,27.44,26.83,26.39,26.41,24.9,23.87,28.01,25.16,20.58,18.41
5/16/2016,0,18.12,18.14,,16.57,16.65,18.4,21.5,30.06,31.83,28.42,27.82,27.5,27.01,27.68,27.28,26.54,26.38,25.97,25.61,24.15,23.51,33.45,28.35,20.45,18.79
5/15/2016,0,15.09,14.64,,13.9,12.31,13.3,14.14,14.02,16.03,19.41,20.6,20.67,20.76,20.7,20.34,19.48,19.38,20.18,21.08,22.03,22.24,24.34,24.67,22.34,18.07
5/14/2016,0,16.9,16.44,,14.54,14,14.16,14.76,15.61,18.29,21.75,22.73,23.14,23.31,23.3,22.72,22.41,22.1,22.25,22.38,22.31,21.52,23.37,23.49,21.28,17.56
5/13/2016,0,17.03,15.35,,12.96,12.43,14.71,16.91,22.54,23.54,23.77,25.85,26.44,25.94,26.01,25.37,25.57,24.74,25.46,25.23,23.56,22.77,25.11,23.59,19.84,16.51
5/12/2016,0,17.55,17.11,,15.27,15.14,16.63,19.01,23.16,23.98,24.3,26.12,26.85,27.65,29.68,29.47,30.31,30.46,30.46,29.65,27.89,25.04,30.56,26.91,21.46,19
5/11/2016,0,17.97,17.36,,16.37,16.27,16.99,19.6,24,24.65,24.78,26.52,27.91,30.04,30.14,30.51,30.02,29.65,29.45,29.72,28.8,25.46,30.99,28.52,22.03,19.73
5/10/2016,0,17.1,16.72,,14.26,14.14,16.61,18.82,23.1,24.26,24.72,25.83,27.1,27.97,28.6,27.18,27.61,26.68,26.74,26.95,27.42,26.28,31.03,28.06,22.28,19.94
5/9/2016,0,15.84,15.47,,13.1,13.26,15.02,18.14,22.75,23.61,24.9,25.45,27.04,27.39,27.25,27.21,27.71,27.1,27.03,26.82,26.31,24.89,27.7,27.05,22.14,19.56
5/8/2016,0,17.16,16.69,,13.78,12.42,12.79,14.2,14.48,15.76,19.29,21.98,22.28,22.37,22.54,22.42,22.39,22.39,22.84,23.13,23.29,23.73,27.33,26.45,20.33,16.6
5/7/2016,0,18.25,18,,16.39,15.2,16.32,17.76,17.94,19.15,22.64,24.28,25.21,25.25,25.26,24.62,23.97,23.88,24.43,24.47,24.45,23.68,25.73,25.42,22.06,19.36
5/6/2016,0,18.67,18.36,,17.01,16.91,18.57,21.79,32.43,30.63,30.3,32.13,32.87,32.81,32.37,32.28,31.1,30.37,29.64,28.31,27.22,26.34,32.48,29.47,22.83,21.58
5/5/2016,0,18.28,17.78,,15.55,15.61,17.53,20.33,28.49,28.8,28.87,29.26,29.41,28.96,28.92,28.56,27.29,26.96,26.99,27.02,26.59,25.86,30.68,28.25,22.19,19.73
5/4/2016,0,18.82,18.17,,16.62,16.57,18.18,20.72,28,28.29,28.37,28.81,29.61,29.62,29.22,29.35,28.73,28.38,28.12,27.53,27.12,26.2,29.98,28.39,22.75,20.54
5/3/2016,0,19.48,18.78,,17.49,17.46,18.74,21.29,28.52,30.14,30.23,30.56,32,31.86,30.68,31.5,30.18,30.45,30.43,28.34,27.67,25.86,32.07,29.76,22.63,19.34
5/2/2016,0,18.6,18.34,,16.21,16.79,18.44,20.58,25.88,29,31.44,32.25,39.67,39.64,37.02,35.81,37.22,37.31,40.38,33.52,31.22,28.47,38.57,32.96,25.09,22.25
5/1/2016,0,18.46,18.05,,15.65,14.65,15.9,17.14,16.94,18.46,21.31,23.36,23.86,24.3,24.22,23.63,23.01,23.05,23.67,24.3,23.97,24.25,29.1,25.85,22.5,18.59
4/30/2016,0,19.93,19,,18.37,18.19,19.11,19.62,21.31,22.5,24.67,26.32,26.67,25.97,24.47,23.62,22.93,22.62,22.85,22.93,23.03,23.41,26.54,24.85,21.16,19.08
4/29/2016,0,18.68,18.16,,17.07,17.32,18.21,20.46,27.9,28.2,29.71,30.83,31.53,31.06,30.23,28.75,26.59,25.33,26.1,25.99,24.34,24.53,27.88,25.38,21.25,19.68
4/28/2016,0,18.08,17.12,,15.89,16.04,17.27,19.78,27.42,26.61,26.19,26.9,28.65,28.78,28.84,28.93,27.84,27,27.56,27.11,26.18,26.77,30.67,27.09,22.32,20.92
4/27/2016,0,18.25,18.13,,16.72,16.51,17.86,20.27,25.35,24.48,26.37,26.07,27.34,26.8,27.25,27.36,27.01,26.85,27.08,26.61,25.13,25.03,28.66,25.94,21.74,19.47
4/26/2016,0,19.26,18.56,,16.73,16.33,18.43,21.75,27.07,27.86,28.03,29.49,33.02,35.79,38.54,39.74,41.76,43.53,43.7,39.63,33.14,30.95,37.47,30.33,23.86,21.73
4/25/2016,0,19.21,18.26,,16.97,17.34,18.97,21.23,27.91,30.14,30.09,31.96,32.74,32.33,33.06,33.45,34.24,36.88,41.03,35.78,30.47,30.93,42.25,31.06,25.21,21.4
4/24/2016,0,20.69,20.14,,18.44,18.38,19.05,20.32,21.44,21.52,23.25,24.2,24.7,25.17,25.62,24.81,24.73,24.76,25.71,26.24,25.51,29.6,42.44,31.8,23.32,22.58
4/23/2016,0,22.32,22.04,,20.96,20.41,20.82,21.42,22.55,23.28,29.61,30.01,34.42,32.2,29.61,27.19,26.32,25.97,26.27,26.64,26.83,27.66,37.96,34.28,24.09,23.14
4/22/2016,0,21.14,19.97,,19.06,18.63,20.41,24,29.63,34.9,39.11,40.35,44.15,44.96,44.08,44.22,42.91,43.75,41.02,38.72,33.19,32.56,45.54,36.64,26.56,22.53
4/21/2016,0,20.33,19.05,,17.93,18.19,20.13,23.35,29.46,31.51,31.63,31.98,34.87,36.22,37.01,37.99,36.17,35.34,35.78,35.17,32.18,31.61,45.94,36.69,24.89,22.49
4/20/2016,0,20.18,18.55,,17.72,17.73,19.07,22.15,30.62,31.26,31.68,32.15,36.56,36.76,37.07,37.73,33.83,33.73,33.11,32.34,29.24,30.41,44.47,33.18,24.38,22.78
4/19/2016,0,20.59,19.05,,18.1,17.6,19.2,22.17,27.75,30.6,32.52,33.75,40.52,38.73,39.42,42.6,43.64,42.75,43.55,37.55,31.26,33.32,45.87,31.79,24.16,21.68
4/18/2016,0,19.5,19.7,,19.52,19.77,20.78,23.35,30.99,37.54,37.13,36.45,40.9,38.41,39.3,42.2,42.47,42.85,47.48,43.79,34.79,38.97,48.18,35.88,26.27,22.66
4/17/2016,0,20.92,20.37,,19.67,19.61,19.93,20.35,19.95,22.55,23.59,23.91,24.73,24.78,23.88,23.05,22.74,22.81,23.26,23.48,23.9,31.2,38.44,29.64,22.88,21.84
4/16/2016,0,21.34,21.19,,21.13,21.25,20.74,21.82,27.6,27.6,33.8,34.09,34.3,29.44,26.95,24.55,23.53,23.26,23.25,23.23,23.58,29.02,33.77,28.02,22.35,21.51
4/15/2016,0,21.35,21.12,,20.91,21.13,20.94,27.86,48.99,44.92,34.43,33.01,34.66,33.29,31.89,30.03,28.87,27.07,26.73,25.23,24.65,31.65,35.85,32.97,23.91,22.38
4/14/2016,0,21.69,21.64,,21.44,21.85,22.62,28.12,48.25,41.77,33.9,31.19,32.15,30.34,29.52,28.04,26.2,24.58,24.34,24.33,24.18,29.54,35.72,30.26,23.74,22.44
4/13/2016,0,22.76,22.64,,22.37,22.38,23.87,30.23,48.61,39.78,36.71,34.9,36.29,34.36,31.61,29.63,27.71,25.48,25.96,25.78,26.15,30.52,35.31,29.74,24.13,23.18
4/12/2016,0,20.3,20.22,,20.12,20.48,21.8,24.99,38.93,38.1,38.09,38.32,40.4,40.12,38.45,33.99,30.17,27.17,27.55,28.2,28.02,34.35,37.87,35.01,26.1,23.69
4/11/2016,0,22.26,21.55,,21.06,20.98,21.76,26.06,40.1,42.52,41.91,42.58,41.37,41.61,40.78,35.2,31.89,29.31,28.91,28.91,29.2,32.97,37.37,31.55,26.44,22.7
4/10/2016,0,30.6,29,,28.7,29.09,29.78,32.99,37.86,40.23,42.93,39.33,36.21,29.6,28.21,25.57,24.41,23.45,24.09,25.01,25.94,32.94,36.66,31.1,25.89,23.01
4/9/2016,0,23.6,22.41,,22.17,22.3,22.99,26.4,30.99,33.05,38.32,40.37,42.88,39.53,32.84,31.08,29.37,27.44,29.14,30.56,35.21,41.05,47.64,41.88,32.93,28.6
4/8/2016,0,21.21,20.9,,20.23,20.37,21.55,25.98,39.44,39.38,35.81,37.6,37.45,32.74,31.29,28.57,26.42,24.63,24.35,24.55,25.08,31.35,35.55,29.38,24.18,22.55
4/7/2016,0,18.4,17.97,,17.22,17.5,18.21,19.86,30.82,28.96,27.53,29.34,29.5,28.62,28.18,27.38,25.04,23.75,24.01,23.95,23.75,25.97,30.28,26.33,21.83,20.64
4/6/2016,0,23.89,23.09,,22.85,23.02,24.71,29.48,49.66,46.62,33.98,32.45,30.1,27.33,26.74,25.74,24.73,23.58,23.07,23.51,23.58,26.62,29.26,25.95,21.27,19.92
4/5/2016,0,22.65,22.18,,22.13,22.54,23.88,29.54,43.08,51.97,44.08,39.03,37.51,35,33.16,31.42,29.3,26.52,26,26.42,27.58,32.92,42.75,32.25,27.64,23.65
4/4/2016,0,18.37,18.07,,17.89,18.06,18.43,21.82,30.26,30.77,31.68,32.39,32.74,32.62,31.7,28.48,26.44,25.27,25.19,25.83,25.06,31.57,41.06,30.91,24.17,22.89
4/3/2016,0,19.73,19.7,,18.81,18.93,20.15,21.24,22.9,24.15,27.94,27.46,24.99,23.24,22.36,20.96,20.06,19.29,19.27,20.14,21.47,25.63,31.3,26.8,20.86,20.22
4/2/2016,0,17.99,17.72,,15.74,14.83,16.38,17.69,18.71,19.99,23.61,23.88,24.16,23.18,22.28,21.1,19.89,19.08,19.39,19.86,20.79,23.01,26.84,23.97,19.44,19.11
4/1/2016,0,16.85,17.35,,15.99,15.28,17.27,19.53,26.72,27.76,30.04,30.6,30.27,30.89,28.6,27.96,25.68,25.08,25.52,24.21,23.36,25.77,29.04,25.02,19.79,18.53
3/31/2016,0,16.29,14.25,,13.02,13.15,14.65,17.05,23.94,27.57,27.15,28.2,28.48,28.32,27.79,27.17,24.53,23.47,23.16,22.93,23.03,27.38,27.98,25.27,18.99,17.05
3/30/2016,0,23.16,22.59,,22.33,22.12,23.25,30.12,42.42,46.78,36.01,35.45,34.22,31.16,27.75,27.22,25.25,23.53,23.28,23.4,23.83,30,33.03,25.44,20.4,19.94
3/29/2016,0,20.19,19.27,,18.52,18.74,20.46,25.6,36.22,41.84,33.4,33.08,32.68,32.59,29.43,30.34,27.61,24.93,24.86,26.02,26.51,31.98,34.41,31.64,22.91,21.63
3/28/2016,0,16.42,15.66,,14.84,15.15,15.58,20.22,27.84,32.02,31.97,35.65,37.12,39.35,32.96,27.83,26.08,26.79,26.02,27.54,27.67,39.09,34.36,29.96,23.59,21.07
3/27/2016,0,18.75,17.94,,16.7,16.75,17.3,18.41,19.6,21.56,23.13,25.46,25.11,22.98,22.1,21.09,19.43,19.31,19.71,20.09,21.28,27.06,27.49,25,20.52,18.9
3/26/2016,0,18.39,18.57,,17.79,17.56,18.37,19.4,21.76,24.74,27.22,29.61,30.01,26.65,23.7,22.5,20.67,19.6,20.13,20.7,21.78,27.45,28.52,24.29,20.87,18.5
3/25/2016,0,14.45,14.04,,13.1,13.25,14.56,18.12,23.44,25.11,26.48,27.57,28.54,27.86,26.22,26.02,24.24,24,23.44,23.28,23.01,28.93,28.31,24.79,20.33,19.49
3/24/2016,0,14.76,13.94,,13.15,13.19,14.87,18.44,25.46,25.81,25.31,26.08,26.01,26.06,25.13,24.85,23.75,23.25,23.02,22.66,22.54,26.11,25.42,24.27,19.39,18.03
3/23/2016,0,16.76,15.8,,14.48,15.07,17.04,21.92,31.59,31.18,27,27.19,27.75,27.01,25.13,23.88,22.88,22.23,21.64,22.08,22.96,29.28,29.15,25.25,19.83,17.46
3/22/2016,0,21.4,20.68,,20.15,20.02,21.79,25.4,37.08,38.67,28.72,28.28,26.68,24.92,24.33,22.54,21.21,20.27,20.18,20.6,21.7,27.05,25.95,24.11,19.47,18.02
3/21/2016,0,23.21,22.77,,22.65,22.85,24.27,27.19,41.91,44.72,36.68,34.3,34.07,31.95,30.73,28.13,26.62,25.54,25.6,27.48,28.95,39.38,35.85,31.64,26.51,24.12
3/20/2016,0,21.89,20.99,,19.68,19.82,20.21,21.92,23.01,24.06,25.4,27.68,27.62,26.01,25.11,24.2,22.83,22.26,22.74,23.33,24.68,34.99,31.89,29.26,24.74,22.94
3/19/2016,0,19.9,19.5,,18.79,18.64,19.38,20.43,23.41,25.35,29.48,30.85,30.15,27.3,26.16,24.7,23.37,22.98,23.17,24.09,25.34,31.79,30.91,28.87,23.27,22.31
3/18/2016,0,17.15,15.21,,14.06,14.28,16.59,19.71,30.09,37.32,30.28,29.73,30.18,26.77,25.44,24.16,22.86,22.08,22.23,22.47,22.76,30.67,28.01,24.45,21.49,19.92
3/17/2016,0,13.1,14.02,,12.6,12.8,14.77,17.81,28.77,28.81,25.03,24.57,24.88,23.26,22.91,23,21.3,20.65,20.54,21.46,21.81,29.96,29.17,24.06,19.03,18.8
3/16/2016,0,14.83,14.19,,12.37,11.7,13.57,16.65,26.86,28.21,25.86,26.77,27.22,27.11,26.67,26.78,25.38,25.46,24.88,24.79,24.64,33.08,28.31,26.66,18.61,17.97
3/15/2016,0,16.8,17.14,,14.65,14.94,17.63,20.06,26.46,34.66,28.09,28.26,28.08,28.06,27.36,26.06,23.57,23.12,23.05,23.53,23.57,33.72,26.91,23.84,18.38,17.46
3/14/2016,0,16.21,14.43,,12.62,13.44,15.33,20.16,30.18,37.03,29.7,32.89,35.68,34.93,31.5,29.08,27.25,26.59,25.62,25.6,26.02,42.43,35.69,27.87,21.48,20.62
3/13/2016,0,18.94,16.63,,,14.46,15.07,15.68,16.61,18.87,22.09,23.46,23.38,23.59,23.17,22.39,21.88,22.01,22.51,23.14,24.63,40.18,39.46,26.53,19.76,18.73
3/12/2016,0,18.14,17.17,,16.42,16.09,16.32,17.37,19.93,22.28,25.36,25.08,25.88,24.66,22.75,21.36,19.17,18.89,19.32,20.69,26.96,26.4,24.73,22.63,18.94,17.07
3/11/2016,0,16.43,17,,14.68,14.65,16.3,19.45,29.12,28.54,28.15,27.64,28.39,28.21,25.64,25.46,23.31,22.86,22.82,23.44,30.17,29.72,27.17,24.38,20.1,19.54
3/10/2016,0,13.78,12.97,,11,11.07,12.45,16.18,23.07,23.9,23.25,23.61,25.54,25.79,25.18,24.79,24.47,23.87,23.95,23.75,29.86,27.53,25.79,23.62,19.07,16.8
3/9/2016,0,10.18,9.6,,9.02,9.05,10.24,14.75,23.81,23.4,23.25,23.77,24.35,24.71,23.95,23.63,23.65,23.49,23.53,23.71,30.88,27.94,24.57,22.67,17.68,15.45
3/8/2016,0,15.44,16.36,,14.6,14.45,16.42,18.65,28.04,25.4,24.89,24.88,25.19,24.05,22.7,22.49,22.09,21.64,21.63,22.45,30.42,26.35,24.51,21.96,18.56,16.15
3/7/2016,0,19.41,18.92,,18.89,18.69,19.56,22.52,39.71,31.59,27.34,27.18,26.62,25.22,22.82,22.43,21.89,21.34,21.69,23.45,33.1,30.2,25.82,22.84,19.58,17.79
3/6/2016,0,21.64,20.35,,20.08,19.41,19.52,20.29,23.36,23.61,25.61,25.19,23.68,22.5,21.55,20.08,19.49,19.18,19.96,22.04,33.85,31.42,26.3,24.01,20.65,19.79
3/5/2016,0,23.48,22.57,,21.85,21.75,22.17,24.11,28.2,28.8,29.32,29.83,29.33,25.82,23.73,23.04,22.4,22.15,22.66,24.16,31.66,30.85,27.17,25.79,23.73,22.25
3/4/2016,0,21.74,20.76,,20.53,20.68,21.57,24.38,37.56,36.25,34.12,33.77,33.41,28.99,25.34,24.53,23.98,23.82,24.01,25.62,33.78,32.08,30.56,26.15,24.39,22.46
3/3/2016,0,23.39,22.32,,22.33,22.59,24.05,26.72,45.46,40.53,33.07,31.72,33.06,30.27,27.1,25.42,24.82,24.48,25.26,26.95,37.08,34,32.28,27.56,24.16,23.01
3/2/2016,0,18.22,17.22,,16.8,17.09,19.32,22.77,37.83,30.96,28.51,27.99,28.96,27.27,25.14,24.46,23.89,23.98,24.15,28.02,41.04,36.37,34.47,30.07,24.78,23.97
3/1/2016,0,17.95,17.23,,16.93,17.36,18.34,20.62,29.55,26.53,25.32,24.96,24.35,23.8,23.07,22.04,20.76,20.39,20.57,21.68,29,25.13,24.36,22.63,19.04,17.72
2/29/2016,0,10.56,9.95,,9.59,9.96,12.41,17.81,25.87,24.91,23.88,24.02,23.25,22.83,22.06,21.74,20.68,20.18,20.99,23.07,28.19,25.71,24.47,23.3,19.57,17.08
2/28/2016,0,17.4,16.57,,15.64,15.4,15.73,16.33,17.3,18.14,18.83,18.97,18.15,17.32,16.43,15.19,14.66,13.88,15.28,17.55,22.44,21.31,20.79,18.63,16.54,12.93
2/27/2016,0,24.34,23.35,,22.56,22.55,23.33,25.82,29.59,30.9,29.97,28.57,26.07,24.43,22.45,21.27,19.54,19.3,20.05,23.09,27.15,25.7,25.02,24.2,21.3,18.92
2/26/2016,0,20.68,20.38,,20.23,20.31,21.76,26.5,40.7,40.94,33.91,33.72,33.74,30.6,27.36,25.38,24.57,24.55,24.88,29.03,36.32,33.77,32.97,30.91,25.26,22.36
2/25/2016,0,14.93,14.34,,13.67,13.81,15.64,20.18,29.65,29.25,26.11,26.19,26.82,25.9,25.04,24.49,23.83,23.44,24.19,27.4,34.88,33.01,30.17,26.37,22.31,20.63
2/24/2016,0,17.05,16.2,,15.28,14.88,16.25,19.49,26.62,25.01,24.72,24.8,25.06,24.65,23.75,23.38,22.67,22.33,22.47,23.97,25.94,24.7,24.06,22.6,19.39,16.5
2/23/2016,0,18.45,17.69,,16.94,16.63,18.33,21.89,29.51,27.42,26.54,26.75,27.08,26.59,24.89,24.34,24,23.59,23.91,26.07,30.16,27.32,25.73,23.95,20.35,18.33
2/22/2016,0,16.61,16.12,,15.54,15.79,17.43,20.56,27.15,26.55,25.84,26.22,26.15,25.32,24.17,23.75,23.16,22.61,23.51,26.26,29.96,28.53,26.57,25.09,21.54,19.59
2/21/2016,0,13.75,12.82,,11.97,11.7,11.64,12.47,15.9,17.36,19.38,20.72,20.51,19.87,18.99,18.37,18.08,17.72,18.61,21.62,23.68,23.7,23.58,22.44,19.74,17.38
2/20/2016,0,17.77,16.13,,15.56,14.95,14.98,16.75,19.2,20.67,21.37,22,21.61,20.5,18.81,17.65,15.69,15.35,16.19,19.98,22.74,22,21.15,20.26,17.14,15.09
2/19/2016,0,20.75,20.48,,19.87,20.11,21.23,25.05,38.54,34.39,28.2,26.9,26.66,25.91,23.46,22.48,21.54,21.22,21.7,23.66,25.66,24.88,23.83,22.7,20.21,17.16
2/18/2016,0,22.27,22.01,,21.51,21.77,22.88,26.65,34.72,34.81,29.47,28.48,27.97,26.48,24.85,23.98,23.09,22.7,23.36,27.71,33.97,31.74,29.65,28.44,23.71,22.36
2/17/2016,0,22.15,21.25,,20.73,20.78,21.79,24.22,31.29,31.22,30.44,28.04,27.25,25.91,24.49,23.87,23.61,23.6,24.08,29.49,33.39,30.74,29.13,27.28,23.98,22.6
2/16/2016,0,23.87,22.7,,22.55,22.23,22.61,24.68,31.15,31.98,31.64,32.19,33.11,31.4,29.26,28.46,27.32,26.82,27.29,30.83,36,33.31,30.95,27.98,25.28,23.2
2/15/2016,0,33,31.86,,31.57,31.25,30.81,35.15,43.29,51.42,47.07,46.44,46.56,41.59,38.51,35.2,33.92,33.45,34.01,40.11,46.46,39.61,34.56,32.48,28.74,25.95
2/14/2016,0,44.01,43.28,,43.96,44.75,45.87,50.67,61.13,61.96,61.59,53.57,48,38.8,36.74,35.25,33.84,33.66,36.43,47.81,66.45,60.58,52.91,48.2,38.87,35.87
2/13/2016,0,32.17,31.29,,31.16,30.98,31.69,33.89,38.02,43.47,47.44,50.19,52.2,45.3,39.52,37.36,36.67,35.53,39.56,58.01,73.16,68.4,66.67,59.54,53.85,49.82
2/12/2016,0,33.01,32.81,,32.87,33.49,34.08,39.46,57.78,58.25,47.75,42.22,40.56,36.88,33.75,32.18,30.98,30.41,31.23,37.24,41.13,38.89,37.24,33.67,30.57,28.78
2/11/2016,0,27.8,27.71,,27.36,27.97,29.35,33.54,51.94,54.57,49.15,42.9,43.59,38.89,36.04,34.75,33.68,32.37,34.27,45.55,59.69,55.46,51.93,45.58,35.02,31.61
2/10/2016,0,22.45,22.01,,21.8,22.02,23.23,25.74,38.22,38.31,35.71,33.62,32.85,32.19,29.77,29.25,28.91,27.94,29.81,40.53,44.91,42.29,39.42,35.81,28.78,26.28
2/9/2016,0,21.11,20.89,,20.2,20.44,21.17,23.49,34.74,35.2,33.41,33.06,34.43,32,30.01,27.98,27.04,26.66,27.66,37.9,39.75,35.96,34.66,29.63,25.21,23.01
2/8/2016,0,19.22,19.06,,18.19,18.64,20.08,23.37,34.41,30.21,29.33,28.32,26.69,25.36,24.51,23.99,23.24,23.11,24.09,29.86,31.7,30.71,27.87,24.98,21.88,19.98
2/7/2016,0,19.6,19.28,,18.83,18.93,19.24,20.55,22.18,23.19,23.37,22.58,21.52,21.11,20.41,19.92,19.13,19.19,20.46,23.59,25.68,25.49,24.94,23.51,21.45,18.75
2/6/2016,0,22.6,22.5,,22.01,22,22.31,26.1,30.16,30.17,30.04,28.9,26.62,24.58,22.98,21.6,20.84,20.56,21.34,24.78,27.7,26.1,25.85,24.29,22.23,20.4
2/5/2016,0,20.78,20.3,,19.96,20.13,21.33,25.17,36.09,38.17,32.18,31.2,30.82,29.46,27.91,26.66,25.21,24.41,25.47,30.99,32.84,32.12,30.64,29.68,24.83,22.28
2/4/2016,0,14.95,14.46,,14.26,14.36,15.23,19.35,25.66,27.12,26.13,25.71,25.52,24.76,24.02,23.5,22.92,22.19,23.49,29.74,33.55,29.98,29.46,26.56,22.58,20.76
2/3/2016,0,14.22,13.87,,13.22,12.7,13.55,15.67,22.89,23.18,22.44,22.46,22.22,22.25,21.57,20.97,20,19.59,20.45,24.39,25.32,24.29,23.84,22.32,18.78,14.8
2/2/2016,0,18.71,18.15,,17.14,17.06,18.86,21.33,27.39,27.51,25.82,25.63,25.42,23.73,23.04,22.49,21.9,21.34,22.36,26.83,27.07,26.07,25.43,22.87,20.19,17.16
2/1/2016,0,15.94,15.67,,14.97,15.28,16.79,19.97,24.71,26.92,25.92,25.92,26.56,25.69,24.34,23.66,23.03,22.61,23.79,28.76,28.94,28.1,26.83,24.1,21.41,20.02
1/31/2016,0,19.73,18.94,,17.95,17.33,17.46,18.57,20.38,22.22,23.75,23.38,22.58,21.81,21.24,20.65,20.16,20.17,21.25,24.36,25.84,24.88,23.99,22.28,20.18,17.29
1/30/2016,0,23.49,23.29,,22.5,22.61,23.66,26.47,32.24,35.95,32.88,31.73,29.4,26.64,24.18,22.9,22.11,21.89,22.94,28.02,29.44,27.05,25.97,23.52,21.8,19.52
1/29/2016,0,21.44,21.34,,21.02,21.2,21.88,25.97,37.14,39.26,32.33,30.35,29.61,28.65,27.28,26.6,25.67,25.2,26.7,37.64,37.04,33.04,31.11,28.66,25.18,23.3
1/28/2016,0,23.6,23.38,,23.12,23.94,25.33,26.99,40.29,42.02,31.47,29.99,29.51,27.32,25.7,24.52,23.52,23.35,24.64,29.53,29.71,29.09,28.89,26.38,22.97,21.29
1/27/2016,0,19.85,19.72,,18.89,19.53,20.41,22.93,27.54,29.19,28.29,28.02,27.95,27.5,26.82,26.59,25.82,25.33,26.34,38.1,35.68,33.55,31.67,29.01,24.9,23.37
1/26/2016,0,20.81,19.08,,18.19,18.28,19.81,22.57,28.01,28.16,28.17,27.12,26.96,25.97,24.7,24.42,23.75,23.68,24.81,28.89,29.47,28.17,27.01,24.5,21.93,20.37
1/25/2016,0,32.68,32.33,,32.34,33.01,34.98,39.42,58.02,74.51,51.93,46.71,42.79,35.31,32.21,31.48,30.23,30.21,31.91,42.71,44.23,41.65,39.25,32.76,28.93,26.28
1/24/2016,0,29.56,29.58,,28.97,29.05,29.69,31.19,36.18,40.8,40.73,40.72,37.34,33.08,30.45,28.86,27.56,27.69,30.32,46.21,47.48,44.01,41.76,40.19,32.53,30.57
1/23/2016,0,28.25,26.7,,26.08,25.98,26.09,27.38,28.98,31.83,35.3,37.79,38.47,37.63,35.47,33.22,32.26,32.1,33.27,42.3,42.91,39.64,35.77,32.33,30.18,27.74
1/22/2016,0,26.57,26.22,,25.5,25.79,26.59,29.58,39.29,43.91,40.59,40.2,38.21,35.77,32.99,31.77,30.45,30.55,32.96,40.97,41.34,36.68,33.89,30.62,28.33,25.87
1/21/2016,0,26.24,25.25,,24.88,25.21,26.13,29.41,43.85,44.64,38.9,37.43,33.63,30.68,28.01,27.64,26.91,26.97,28.36,43.1,42.4,37.83,35.98,31.18,27.9,26.35
1/20/2016,0,34.93,34.61,,34.25,34.56,35.87,43.95,66.34,77.03,64.14,55.55,44.97,39.55,34.96,32.43,31.36,31.47,33.75,50.4,50.98,43.49,38.66,34.51,30.2,27.51
1/19/2016,0,35.83,35.76,,35.71,37.41,39.93,49.08,73.89,81.36,53.85,49.53,45.64,40.77,39.13,36.71,35.29,35.31,36.54,55.44,56.75,51.75,48.68,40.81,36.05,34.78
1/18/2016,0,23.99,23.8,,23.84,23.87,24.79,27.89,38.82,44.67,44.18,44.38,44.75,39.89,37.19,34.15,33.29,32.8,36.19,56.8,65.39,50.98,49.59,44.34,36.07,33.23
1/17/2016,0,21.82,21.6,,20.88,20.85,21.11,21.66,23.63,24.07,25.02,25.57,25.14,24.54,23.51,23.27,22.93,23.04,24.48,37.48,36.67,36.19,34.52,28.93,25.93,24.76
1/16/2016,0,19.79,18.07,,16.58,15.44,16.48,18.12,20.54,22.81,23.42,23.94,24.22,23.69,23.2,22.62,22.22,22.24,22.94,28.37,28.35,27.7,26.71,24.76,23.41,21.75
1/15/2016,0,18.54,18.37,,16.75,17.39,18.32,21.84,27.15,27.77,26.2,25.2,25.14,24.1,23.52,22.96,22.31,22.15,23.21,27.56,26.08,24.78,24.16,22.62,20.07,18.32
1/14/2016,0,23.92,23.14,,22.29,22.66,23.21,26.48,37.36,38.82,28.97,28.05,27.37,25.37,23.74,23.09,22.57,22.63,23.79,29.5,28.44,26.32,25.98,23.92,21.71,19.59
1/13/2016,0,27.28,26.68,,26.57,27.32,28.86,38.2,54.57,69.11,50.18,43.94,40.28,37.02,34.86,32.57,30.8,30.43,34.82,52.2,49.98,44.74,43.29,35.28,29.83,28.11
1/12/2016,0,24.96,24.13,,24.03,24.26,24.91,27.64,37.48,39.75,34.74,31.47,30.67,29.83,28.61,28.02,27.43,27.5,29.39,42.65,42.04,38.05,38.13,33.24,28.74,25.77
1/11/2016,0,22.05,21.66,,21.64,21.8,22.93,27.25,37.72,42.62,35.88,33.04,31.21,29.2,28.01,27.56,27.21,27.07,28.12,45.02,42.44,35.96,33.65,30.09,26.93,24.8
1/10/2016,0,15.97,14.09,,10.83,8.64,8.47,10.74,14.61,18.64,18.85,20.01,21.09,21.43,21.33,20.72,20.25,20.49,22.08,27.58,27.46,27.33,26.76,25.28,23.72,21.51
1/9/2016,0,19.88,18.59,,17.85,17.46,17.41,18.47,19.91,22.53,24.02,24.84,25.22,24.54,23.55,22.88,21.99,21.84,23.09,26.54,26.11,24.45,23.47,22.81,20.46,17.07
1/8/2016,0,20.22,19.57,,18.65,18.97,19.65,22.87,27.61,29.47,27.83,27.91,27.19,26.22,24.92,24.32,23.42,23.37,24.64,28.2,28.05,26.25,25.03,22.99,20.24,17.75
1/7/2016,0,25.94,24.96,,24.62,24.72,25.31,31.81,43,46.12,33.38,31.75,29.74,28.57,26.81,26.24,25.74,25.87,27.12,33.43,32.28,30.95,29.98,27.56,24.43,22.57
1/6/2016,0,33.89,33.91,,33.18,32.62,34.06,40.72,61.28,65.77,46.06,41.08,36.11,32.47,29.87,29.4,28.39,28.2,29.75,41.73,42.24,38.22,35.82,32.77,28.97,26.9
1/5/2016,0,28.6,28.66,,28.25,29.1,30.3,38.5,55.51,65.26,51.54,40.92,37.16,35.11,31.22,30.36,29.08,28.87,31.95,47.52,47.2,42.89,40.66,36.76,31.61,29.58
1/4/2016,0,22.26,21.27,,21.24,21.79,22.5,25.78,32.74,37.85,33.98,30.92,32.28,29.7,27.95,27.45,27.06,27.27,32.04,53.66,48.34,44.06,40.56,35.58,30.06,26.96
1/3/2016,0,21.83,20.97,,20.08,20,20.16,20.92,21.43,25.11,24.92,23.75,22.73,21.98,21.57,21.38,21.35,21.46,22.39,36.65,31.28,30,28.94,25.7,22.98,21.9
1/2/2016,0,21.75,21.17,,20.95,20.97,20.85,21.84,22.9,26.13,27.16,26.59,26.5,24.99,23.49,21.99,21.54,21.63,23.05,30.17,29.63,28.82,27.61,26.64,23.12,21.7
1/1/2016,0,20.32,19.28,,17.07,16.89,17.37,18.68,19.99,21.37,21.77,22.69,22.92,22.39,21.5,21.07,21.04,21.17,23.34,29.27,28.64,27.27,26.39,25.24,22.49,21.32
